Tech ID,Tech Name,Assignment
AI102448,Gilbert Dupree,Atlanta New Region 1
AI102087,Marcus Harmon,Atlanta New Region 1
AI105116,Frank Hooks,Atlanta New Region 1
AI103146,Arthur Gloster,Atlanta New Region 2
AI102608,Sergey Ashihmin,Atlanta New Region 1
AI102977,Yu Zheng,Atlanta New Region 1
AI103128,Ivan Zimic,Atlanta New Region 2
AI103261,Horace Bull,Atlanta New Region 3
AI103317,Richard Grant,Atlanta New Region 3
AI005576,RUDY EDOLE,Atlanta New Region 3
AI103264,Adolph Scarlett,Atlanta New Region 2
AI102961,Nicholas Foskin,Atlanta New Region 2
AI102315,Winston Perez,Atlanta New Region 2
AI105115,Jason Patterson,Atlanta New Region 3
