size,request_id,ok,status,elapsed_ms,response_bytes,osrm_code,error
100,2,True,200,578.2478998880833,22204,Ok,
100,7,True,200,602.6602000929415,22204,Ok,
100,22,True,200,601.5002001076937,22204,Ok,
100,6,True,200,611.6412999108434,22204,Ok,
100,26,True,200,599.77460000664,22204,Ok,
100,1,True,200,622.668500058353,22204,Ok,
100,5,True,200,627.727200044319,22204,Ok,
100,3,True,200,629.2029998730868,22204,Ok,
100,30,True,200,621.4128998108208,22204,Ok,
100,8,True,200,651.0429000481963,22204,Ok,
100,23,True,200,650.8373999968171,22204,Ok,
100,16,True,200,656.7234999965876,22204,Ok,
100,12,True,200,672.6526999846101,22204,Ok,
100,21,True,200,668.9867000095546,22204,Ok,
100,20,True,200,673.7404000014067,22204,Ok,
100,13,True,200,683.7272001430392,22204,Ok,
100,17,True,200,696.6483001597226,22204,Ok,
100,10,True,200,709.141300059855,22204,Ok,
100,4,True,200,721.2724999990314,22204,Ok,
100,9,True,200,719.1967000253499,22204,Ok,
100,35,True,200,706.9582000840455,22204,Ok,
100,24,True,200,723.0677001643926,22204,Ok,
100,15,True,200,730.9155999682844,22204,Ok,
100,25,True,200,725.8526999503374,22204,Ok,
100,52,True,200,717.816999880597,22204,Ok,
100,11,True,200,758.3021000027657,22204,Ok,
100,14,True,200,757.6162999030203,22204,Ok,
100,28,True,200,749.6913000941277,22204,Ok,
100,36,True,200,740.2259001974016,22204,Ok,
100,18,True,200,772.9629999957979,22204,Ok,
100,34,True,200,759.756000014022,22204,Ok,
100,27,True,200,775.4258001223207,22204,Ok,
100,32,True,200,776.4242999255657,22204,Ok,
100,45,True,200,768.2871001306921,22204,Ok,
100,47,True,200,772.7278000675142,22204,Ok,
100,38,True,200,781.2769000884145,22204,Ok,
100,40,True,200,795.8233000244945,22204,Ok,
100,42,True,200,799.7171999886632,22204,Ok,
100,64,True,200,804.6540999785066,22204,Ok,
100,49,True,200,814.8572999052703,22204,Ok,
100,19,True,200,841.736099915579,22204,Ok,
100,29,True,200,834.349799901247,22204,Ok,
100,53,True,200,816.3337998557836,22204,Ok,
100,31,True,200,840.0167999789119,22204,Ok,
100,67,True,200,836.9936998933554,22204,Ok,
100,37,True,200,857.5714000035077,22204,Ok,
100,41,True,200,862.2795999981463,22204,Ok,
100,55,True,200,862.6159999985248,22204,Ok,
100,33,True,200,878.5408001858741,22204,Ok,
100,56,True,200,873.5936000011861,22204,Ok,
100,43,True,200,891.2851000204682,22204,Ok,
100,39,True,200,895.9201998077333,22204,Ok,
100,48,True,200,902.6200000662357,22204,Ok,
100,50,True,200,909.1049998532981,22204,Ok,
100,44,True,200,918.6297999694943,22204,Ok,
100,69,True,200,907.4691999703646,22204,Ok,
100,46,True,200,920.3280999790877,22204,Ok,
100,74,True,200,910.7663000468165,22204,Ok,
100,68,True,200,914.8416998796165,22204,Ok,
100,72,True,200,918.0066999979317,22204,Ok,
100,61,True,200,952.8538000304252,22204,Ok,
100,60,True,200,954.2642999440432,22204,Ok,
100,54,True,200,958.9893000666052,22204,Ok,
100,62,True,200,955.9212999884039,22204,Ok,
100,71,True,200,960.7782999519259,22204,Ok,
100,73,True,200,964.6026000846177,22204,Ok,
100,59,True,200,990.6219998374581,22204,Ok,
100,89,True,200,977.2781999781728,22204,Ok,
100,51,True,200,1003.7789000198245,22204,Ok,
100,65,True,200,1005.1285999361426,22204,Ok,
100,63,True,200,1007.4430999811739,22204,Ok,
100,57,True,200,1011.9249999988824,22204,Ok,
100,85,True,200,1000.3559999167919,22204,Ok,
100,79,True,200,1017.5505999941379,22204,Ok,
100,77,True,200,1026.1860000900924,22204,Ok,
100,58,True,200,1038.5376000776887,22204,Ok,
100,91,True,200,1027.6140000205487,22204,Ok,
100,83,True,200,1034.632100025192,22204,Ok,
100,66,True,200,1059.9855000618845,22204,Ok,
100,70,True,200,1063.0021998658776,22204,Ok,
100,82,True,200,1059.8223998676986,22204,Ok,
100,87,True,200,1068.5845999978483,22204,Ok,
100,80,True,200,1076.6168001573533,22204,Ok,
100,75,True,200,1083.2371998112649,22204,Ok,
100,93,True,200,1074.2825001943856,22204,Ok,
100,95,True,200,1077.0950000733137,22204,Ok,
100,81,True,200,1100.7069998886436,22204,Ok,
100,76,True,200,1108.364700106904,22204,Ok,
100,96,True,200,1104.1236000601202,22204,Ok,
100,88,True,200,1111.2149998079985,22204,Ok,
100,90,True,200,1114.781899843365,22204,Ok,
100,78,True,200,1136.9827999733388,22204,Ok,
100,94,True,200,1134.8270000889897,22204,Ok,
100,97,True,200,1134.2929999809712,22204,Ok,
100,100,True,200,1145.7656000275165,22204,Ok,
100,84,True,200,1158.6889999452978,22204,Ok,
100,98,True,200,1166.4325001183897,22204,Ok,
100,99,True,200,1170.624499907717,22204,Ok,
100,86,True,200,1180.9658000711352,22204,Ok,
100,92,True,200,1181.7118998151273,22204,Ok,
200,5,True,200,789.0357999131083,44316,Ok,
200,10,True,200,789.266100153327,44316,Ok,
200,9,True,200,794.3206001073122,44316,Ok,
200,3,True,200,821.6401000972837,44316,Ok,
200,8,True,200,854.0361998602748,44316,Ok,
200,7,True,200,855.6736002210528,44316,Ok,
200,1,True,200,859.9148998036981,44316,Ok,
200,2,True,200,873.7277998588979,44316,Ok,
200,33,True,200,868.9294999931008,44316,Ok,
200,16,True,200,881.6209998913109,44316,Ok,
200,15,True,200,900.6266000214964,44316,Ok,
200,6,True,200,915.1027000043541,44316,Ok,
200,17,True,200,944.6091998834163,44316,Ok,
200,23,True,200,945.3213000670075,44316,Ok,
200,21,True,200,949.1497001145035,44316,Ok,
200,11,True,200,960.49700002186,44316,Ok,
200,40,True,200,974.2105999030173,44316,Ok,
200,18,True,200,1004.5992999803275,44316,Ok,
200,12,True,200,1028.7743001244962,44316,Ok,
200,14,True,200,1028.3469997812063,44316,Ok,
200,26,True,200,1041.964199859649,44316,Ok,
200,28,True,200,1044.294800143689,44316,Ok,
200,19,True,200,1061.340200016275,44316,Ok,
200,20,True,200,1079.7904999926686,44316,Ok,
200,27,True,200,1097.0039998646826,44316,Ok,
200,24,True,200,1110.6813000515103,44316,Ok,
200,25,True,200,1111.2887000199407,44316,Ok,
200,13,True,200,1125.1859001349658,44316,Ok,
200,34,True,200,1142.649400047958,44316,Ok,
200,31,True,200,1153.195400023833,44316,Ok,
200,22,True,200,1177.3079000413418,44316,Ok,
200,4,True,200,1195.9675999823958,44316,Ok,
200,35,True,200,1190.01379981637,44316,Ok,
200,37,True,200,1203.4152001142502,44316,Ok,
200,29,True,200,1218.87920005247,44316,Ok,
200,30,True,200,1224.6222000103444,44316,Ok,
200,45,True,200,1235.9698999207467,44316,Ok,
200,53,True,200,1235.7777999714017,44316,Ok,
200,39,True,200,1253.2654001843184,44316,Ok,
200,42,True,200,1253.6080998834223,44316,Ok,
200,38,True,200,1295.8662998862565,44316,Ok,
200,47,True,200,1302.5485000107437,44316,Ok,
200,49,True,200,1302.1394999232143,44316,Ok,
200,36,True,200,1320.3362999483943,44316,Ok,
200,50,True,200,1339.10490013659,44316,Ok,
200,43,True,200,1347.512000007555,44316,Ok,
200,46,True,200,1352.5221000891179,44316,Ok,
200,48,True,200,1352.4645001161844,44316,Ok,
200,57,True,200,1371.765499934554,44316,Ok,
200,32,True,200,1415.3247000649571,44316,Ok,
200,41,True,200,1420.8416999317706,44316,Ok,
200,44,True,200,1423.2914000749588,44316,Ok,
200,61,True,200,1422.1812000032514,44316,Ok,
200,54,True,200,1438.4139999747276,44316,Ok,
200,55,True,200,1442.0235001016408,44316,Ok,
200,52,True,200,1454.2153999209404,44316,Ok,
200,67,True,200,1465.4085000511259,44316,Ok,
200,62,True,200,1484.1242001857609,44316,Ok,
200,60,True,200,1487.1633001603186,44316,Ok,
200,64,True,200,1494.985100114718,44316,Ok,
200,72,True,200,1530.914600007236,44316,Ok,
200,56,True,200,1552.8639999683946,44316,Ok,
200,70,True,200,1551.1090999934822,44316,Ok,
200,51,True,200,1572.063700063154,44316,Ok,
200,76,True,200,1565.8223000355065,44316,Ok,
200,71,True,200,1582.0065001025796,44316,Ok,
200,58,True,200,1613.0733001045883,44316,Ok,
200,59,True,200,1615.2445999905467,44316,Ok,
200,82,True,200,1615.255700191483,44316,Ok,
200,80,True,200,1617.8695000708103,44316,Ok,
200,68,True,200,1647.3070001229644,44316,Ok,
200,65,True,200,1659.0819000266492,44316,Ok,
200,81,True,200,1665.8141000662,44316,Ok,
200,77,True,200,1684.4904001336545,44316,Ok,
200,73,True,200,1697.1943001262844,44316,Ok,
200,66,True,200,1709.1139999683946,44316,Ok,
200,83,True,200,1718.6699998565018,44316,Ok,
200,74,True,200,1749.8013998847455,44316,Ok,
200,75,True,200,1750.6971000693738,44316,Ok,
200,69,True,200,1760.7285000849515,44316,Ok,
200,89,True,200,1769.0078001469374,44316,Ok,
200,96,True,200,1774.6731000952423,44316,Ok,
200,63,True,200,1828.913199948147,44316,Ok,
200,86,True,200,1822.9233999736607,44316,Ok,
200,92,True,200,1833.9307999704033,44316,Ok,
200,85,True,200,1843.8382998574525,44316,Ok,
200,79,True,200,1857.077200198546,44316,Ok,
200,78,True,200,1858.3183998707682,44316,Ok,
200,98,True,200,1878.9389999583364,44316,Ok,
200,88,True,200,1892.9415000602603,44316,Ok,
200,90,True,200,1893.0498000700027,44316,Ok,
200,84,True,200,1905.7966999243945,44316,Ok,
200,94,True,200,1928.157600108534,44316,Ok,
200,99,True,200,1926.400399999693,44316,Ok,
200,91,True,200,1942.9808999411762,44316,Ok,
200,87,True,200,1954.7809998039156,44316,Ok,
200,97,True,200,1987.7072998788208,44316,Ok,
200,100,True,200,1986.1592000816017,44316,Ok,
200,95,True,200,2001.3814000412822,44316,Ok,
200,93,True,200,2004.4232998043299,44316,Ok,
300,11,True,200,829.4585000257939,66256,Ok,
300,3,True,200,834.0600000228733,66256,Ok,
300,20,True,200,1076.9399998243898,66256,Ok,
300,39,True,200,1073.7580000422895,66256,Ok,
300,6,True,200,1112.2950999997556,66256,Ok,
300,4,True,200,1113.9587999787182,66256,Ok,
300,15,True,200,1110.0141000933945,66256,Ok,
300,21,True,200,1107.7091000042856,66256,Ok,
300,28,True,200,1104.3446999974549,66256,Ok,
300,13,True,200,1113.7079999316484,66256,Ok,
300,1,True,200,1126.3816999271512,66256,Ok,
300,10,True,200,1122.7793998550624,66256,Ok,
300,9,True,200,1124.2714000400156,66256,Ok,
300,12,True,200,1123.8186999689788,66256,Ok,
300,2,True,200,1129.2658001184464,66256,Ok,
300,5,True,200,1138.2772999349982,66256,Ok,
300,26,True,200,1163.1644000299275,66256,Ok,
300,31,True,200,1162.3484999872744,66256,Ok,
300,8,True,200,1195.3026000410318,66256,Ok,
300,7,True,200,1216.5059999097139,66256,Ok,
300,45,True,200,1222.0302000641823,66256,Ok,
300,17,True,200,1259.523699991405,66256,Ok,
300,18,True,200,1259.8788999021053,66256,Ok,
300,27,True,200,1258.9511000551283,66256,Ok,
300,29,True,200,1322.4716000258923,66256,Ok,
300,32,True,200,1335.0399998016655,66256,Ok,
300,19,True,200,1343.5899999458343,66256,Ok,
300,14,True,200,1354.239200009033,66256,Ok,
300,33,True,200,1400.4530000966042,66256,Ok,
300,34,True,200,1401.4504998922348,66256,Ok,
300,23,True,200,1418.3120999950916,66256,Ok,
300,24,True,200,1432.8117000404745,66256,Ok,
300,16,True,200,1502.9005999676883,66256,Ok,
300,38,True,200,1491.70450004749,66256,Ok,
300,25,True,200,1499.5044998358935,66256,Ok,
300,22,True,200,1514.2821001354605,66256,Ok,
300,46,True,200,1556.4942001365125,66256,Ok,
300,37,True,200,1562.7365000545979,66256,Ok,
300,41,True,200,1572.9418001137674,66256,Ok,
300,30,True,200,1581.5101000480354,66256,Ok,
300,43,True,200,1638.6768999509513,66256,Ok,
300,36,True,200,1669.4881001021713,66256,Ok,
300,40,True,200,1668.6471998691559,66256,Ok,
300,50,True,200,1664.6012000273913,66256,Ok,
300,66,True,200,1701.7983000259846,66256,Ok,
300,49,True,200,1720.4490001313388,66256,Ok,
300,44,True,200,1739.8015998769552,66256,Ok,
300,35,True,200,1747.5029998458922,66256,Ok,
300,54,True,200,1784.435500157997,66256,Ok,
300,65,True,200,1781.7041999660432,66256,Ok,
300,47,True,200,1816.5049999952316,66256,Ok,
300,42,True,200,1828.4891999792308,66256,Ok,
300,64,True,200,1858.3688999060541,66256,Ok,
300,57,True,200,1877.202299889177,66256,Ok,
300,53,True,200,1893.9559999853373,66256,Ok,
300,52,True,200,1904.502100078389,66256,Ok,
300,62,True,200,1957.1925001218915,66256,Ok,
300,61,True,200,1959.4280999153852,66256,Ok,
300,55,True,200,1970.055199926719,66256,Ok,
300,48,True,200,1984.2079000081867,66256,Ok,
300,67,True,200,2024.6748998761177,66256,Ok,
300,84,True,200,2016.2863000296056,66256,Ok,
300,60,True,200,2049.1871000267565,66256,Ok,
300,51,True,200,2068.275400204584,66256,Ok,
300,74,True,200,2107.911700149998,66256,Ok,
300,81,True,200,2111.732200020924,66256,Ok,
300,72,True,200,2118.8180001918226,66256,Ok,
300,63,True,200,2131.5423001069576,66256,Ok,
300,92,True,200,2175.380300031975,66256,Ok,
300,73,True,200,2196.9052001368254,66256,Ok,
300,58,True,200,2229.184899944812,66256,Ok,
300,56,True,200,2241.3441999815404,66256,Ok,
300,69,True,200,2279.83730006963,66256,Ok,
300,68,True,200,2292.860999936238,66256,Ok,
300,70,True,200,2292.4494999460876,66256,Ok,
300,59,True,200,2318.27550008893,66256,Ok,
300,79,True,200,2356.0218999627978,66256,Ok,
300,89,True,200,2353.300000075251,66256,Ok,
300,75,True,200,2371.371499961242,66256,Ok,
300,71,True,200,2384.3324000481516,66256,Ok,
300,88,True,200,2427.081699948758,66256,Ok,
300,86,True,200,2436.1173999495804,66256,Ok,
300,83,True,200,2447.8540997952223,66256,Ok,
300,82,True,200,2450.4569999407977,66256,Ok,
300,93,True,200,2512.933799996972,66256,Ok,
300,80,True,200,2543.970200000331,66256,Ok,
300,76,True,200,2547.0511000603437,66256,Ok,
300,78,True,200,2548.2113000471145,66256,Ok,
300,99,True,200,2593.5873000416905,66256,Ok,
300,96,True,200,2600.599099881947,66256,Ok,
300,91,True,200,2607.6400000602007,66256,Ok,
300,77,True,200,2628.430999815464,66256,Ok,
300,87,True,200,2691.983199911192,66256,Ok,
300,94,True,200,2689.0833999495953,66256,Ok,
300,95,True,200,2689.4783000461757,66256,Ok,
300,85,True,200,2706.6943999379873,66256,Ok,
300,97,True,200,2769.4341000169516,66256,Ok,
300,98,True,200,2778.79700018093,66256,Ok,
300,100,True,200,2778.5757000092417,66256,Ok,
300,90,True,200,2796.379999956116,66256,Ok,
400,8,True,200,843.9623001031578,88364,Ok,
400,13,True,200,841.8757000472397,88364,Ok,
400,3,True,200,1205.056699924171,88364,Ok,
400,21,True,200,1195.2635999768972,88364,Ok,
400,22,True,200,1200.8001999929547,88364,Ok,
400,17,True,200,1204.771500080824,88364,Ok,
400,9,True,200,1213.1183999590576,88364,Ok,
400,19,True,200,1207.1471000090241,88364,Ok,
400,11,True,200,1214.0554001089185,88364,Ok,
400,5,True,200,1221.3995000347495,88364,Ok,
400,2,True,200,1227.775099920109,88364,Ok,
400,12,True,200,1222.384399967268,88364,Ok,
400,6,True,200,1227.517900057137,88364,Ok,
400,10,True,200,1225.9647999890149,88364,Ok,
400,4,True,200,1234.5106999855489,88364,Ok,
400,7,True,200,1239.9778999388218,88364,Ok,
400,23,True,200,1326.2452001217753,88364,Ok,
400,15,True,200,1333.0339998938143,88364,Ok,
400,18,True,200,1332.123199943453,88364,Ok,
400,1,True,200,1358.5165000986308,88364,Ok,
400,26,True,200,1425.4314999561757,88364,Ok,
400,24,True,200,1429.1136001702398,88364,Ok,
400,16,True,200,1458.8802000507712,88364,Ok,
400,14,True,200,1464.4329999573529,88364,Ok,
400,32,True,200,1521.053200121969,88364,Ok,
400,35,True,200,1520.9095999598503,88364,Ok,
400,31,True,200,1535.815800074488,88364,Ok,
400,25,True,200,1550.1564000733197,88364,Ok,
400,36,True,200,1636.1737998668104,88364,Ok,
400,37,True,200,1648.1272999662906,88364,Ok,
400,27,True,200,1663.0273999180645,88364,Ok,
400,20,True,200,1672.669199993834,88364,Ok,
400,46,True,200,1741.1259000655264,88364,Ok,
400,34,True,200,1778.613300062716,88364,Ok,
400,28,True,200,1786.2871999386698,88364,Ok,
400,29,True,200,1791.4754999801517,88364,Ok,
400,41,True,200,1867.104999953881,88364,Ok,
400,45,True,200,1885.4085998609662,88364,Ok,
400,33,True,200,1893.8386999070644,88364,Ok,
400,30,True,200,1899.615100119263,88364,Ok,
400,54,True,200,1971.7588999774307,88364,Ok,
400,48,True,200,1983.8932000566274,88364,Ok,
400,42,True,200,1991.9376999605447,88364,Ok,
400,38,True,200,2016.3857999723405,88364,Ok,
400,52,True,200,2096.2649998255074,88364,Ok,
400,43,True,200,2105.3275000303984,88364,Ok,
400,40,True,200,2116.9883001130074,88364,Ok,
400,39,True,200,2127.6819000486284,88364,Ok,
400,50,True,200,2209.6317000687122,88364,Ok,
400,44,True,200,2214.052699971944,88364,Ok,
400,58,True,200,2219.1259001847357,88364,Ok,
400,77,True,200,2276.073700049892,88364,Ok,
400,62,True,200,2305.436700116843,88364,Ok,
400,51,True,200,2327.3409998510033,88364,Ok,
400,60,True,200,2329.6708001289517,88364,Ok,
400,55,True,200,2429.7759998589754,88364,Ok,
400,59,True,200,2431.125700008124,88364,Ok,
400,49,True,200,2439.7779998835176,88364,Ok,
400,47,True,200,2452.1242999471724,88364,Ok,
400,53,True,200,2450.5116001237184,88364,Ok,
400,69,True,200,2533.7036999408156,88364,Ok,
400,66,True,200,2538.662999868393,88364,Ok,
400,67,True,200,2543.512900127098,88364,Ok,
400,57,True,200,2552.03519994393,88364,Ok,
400,64,True,200,2642.6674998365343,88364,Ok,
400,61,True,200,2658.3628999069333,88364,Ok,
400,68,True,200,2655.5621000006795,88364,Ok,
400,63,True,200,2668.4325998649,88364,Ok,
400,79,True,200,2734.906000085175,88364,Ok,
400,71,True,200,2751.9016000442207,88364,Ok,
400,72,True,200,2765.97600011155,88364,Ok,
400,56,True,200,2809.2177999205887,88364,Ok,
400,94,True,200,2854.7918000258505,88364,Ok,
400,85,True,200,2865.6293998938054,88364,Ok,
400,70,True,200,2878.4819999709725,88364,Ok,
400,65,True,200,2894.384700106457,88364,Ok,
400,82,True,200,2970.3812999650836,88364,Ok,
400,81,True,200,2972.572899889201,88364,Ok,
400,88,True,200,2970.926099922508,88364,Ok,
400,80,True,200,2987.629299983382,88364,Ok,
400,78,True,200,3099.682099884376,88364,Ok,
400,75,True,200,3102.663500001654,88364,Ok,
400,84,True,200,3098.051599925384,88364,Ok,
400,87,True,200,3107.9331999644637,88364,Ok,
400,90,True,200,3182.2645000647753,88364,Ok,
400,73,True,200,3225.665800040588,88364,Ok,
400,86,True,200,3219.9287000112236,88364,Ok,
400,74,True,200,3238.1460999604315,88364,Ok,
400,91,True,200,3304.780500009656,88364,Ok,
400,93,True,200,3304.7249999362975,88364,Ok,
400,98,True,200,3301.645099883899,88364,Ok,
400,76,True,200,3364.7354999557137,88364,Ok,
400,83,True,200,3447.9481000453234,88364,Ok,
400,96,True,200,3439.9925000034273,88364,Ok,
400,92,True,200,3452.9236000962555,88364,Ok,
400,89,True,200,3457.357599865645,88364,Ok,
400,99,True,200,3539.1077999956906,88364,Ok,
400,100,True,200,3545.038300100714,88364,Ok,
400,95,True,200,3572.7737999986857,88364,Ok,
400,97,True,200,3584.9852999672294,88364,Ok,
500,15,True,200,1137.1416000183672,110336,Ok,
500,3,True,200,1150.5594998598099,110336,Ok,
500,27,True,200,1529.003799892962,110336,Ok,
500,18,True,200,1539.1858001239598,110336,Ok,
500,5,True,200,1567.2835998702794,110336,Ok,
500,11,True,200,1564.5717000588775,110336,Ok,
500,36,True,200,1648.1020001228899,110336,Ok,
500,28,True,200,1666.812599869445,110336,Ok,
500,6,True,200,1685.5651000514627,110336,Ok,
500,16,True,200,1692.0781000517309,110336,Ok,
500,23,True,200,1689.1278000548482,110336,Ok,
500,2,True,200,1703.8734999950975,110336,Ok,
500,20,True,200,1693.7647999729961,110336,Ok,
500,7,True,200,1713.5071998927742,110336,Ok,
500,10,True,200,1712.7362000755966,110336,Ok,
500,24,True,200,1704.6273001469672,110336,Ok,
500,4,True,200,1729.0868000127375,110336,Ok,
500,8,True,200,1727.9809000901878,110336,Ok,
500,1,True,200,1734.0043999720365,110336,Ok,
500,9,True,200,1734.6376001369208,110336,Ok,
500,19,True,200,1844.7158001363277,110336,Ok,
500,21,True,200,1855.9512000065297,110336,Ok,
500,13,True,200,1870.6981998402625,110336,Ok,
500,12,True,200,1877.3862000089139,110336,Ok,
500,33,True,200,1964.681199984625,110336,Ok,
500,35,True,200,1965.123200090602,110336,Ok,
500,25,True,200,2000.933799892664,110336,Ok,
500,17,True,200,2022.074099862948,110336,Ok,
500,26,True,200,2135.4110001120716,110336,Ok,
500,46,True,200,2130.3870999254286,110336,Ok,
500,22,True,200,2154.888099990785,110336,Ok,
500,14,True,200,2196.5334999840707,110336,Ok,
500,43,True,200,2256.3670999370515,110336,Ok,
500,37,True,200,2285.7697000727057,110336,Ok,
500,29,True,200,2295.9391998592764,110336,Ok,
500,32,True,200,2297.8869997896254,110336,Ok,
500,47,True,200,2398.26750010252,110336,Ok,
500,39,True,200,2421.1061999667436,110336,Ok,
500,34,True,200,2449.050399940461,110336,Ok,
500,31,True,200,2468.9936998765916,110336,Ok,
500,64,True,200,2519.0987000241876,110336,Ok,
500,57,True,200,2571.469300193712,110336,Ok,
500,41,True,200,2596.239499980584,110336,Ok,
500,30,True,200,2607.215299969539,110336,Ok,
500,49,True,200,2709.1447999700904,110336,Ok,
500,52,True,200,2720.7917000632733,110336,Ok,
500,40,True,200,2731.720000039786,110336,Ok,
500,42,True,200,2743.811400141567,110336,Ok,
500,48,True,200,2868.6184999532998,110336,Ok,
500,63,True,200,2861.3505999092013,110336,Ok,
500,45,True,200,2880.6106001138687,110336,Ok,
500,38,True,200,2914.387500146404,110336,Ok,
500,55,True,200,3009.1139001306146,110336,Ok,
500,61,True,200,3009.549300186336,110336,Ok,
500,50,True,200,3033.4813001099974,110336,Ok,
500,44,True,200,3039.3016000743955,110336,Ok,
500,58,True,200,3149.833400035277,110336,Ok,
500,60,True,200,3154.6324999071658,110336,Ok,
500,59,True,200,3156.7844999954104,110336,Ok,
500,51,True,200,3169.721399899572,110336,Ok,
500,69,True,200,3279.4601002242416,110336,Ok,
500,67,True,200,3298.4719001688063,110336,Ok,
500,56,True,200,3315.0468999519944,110336,Ok,
500,53,True,200,3321.439699968323,110336,Ok,
500,78,True,200,3424.0643000230193,110336,Ok,
500,79,True,200,3425.1083999406546,110336,Ok,
500,65,True,200,3461.2032999284565,110336,Ok,
500,62,True,200,3471.7735999729484,110336,Ok,
500,74,True,200,3588.8010999187827,110336,Ok,
500,83,True,200,3584.647099953145,110336,Ok,
500,76,True,200,3590.7955998554826,110336,Ok,
500,70,True,200,3606.8965999875218,110336,Ok,
500,72,True,200,3755.5198001209646,110336,Ok,
500,71,True,200,3760.3327000979334,110336,Ok,
500,66,True,200,3778.3782999031246,110336,Ok,
500,68,True,200,3779.698899947107,110336,Ok,
500,88,True,200,3878.7507999222726,110336,Ok,
500,86,True,200,3882.560599828139,110336,Ok,
500,81,True,200,3904.4941999018192,110336,Ok,
500,73,True,200,3922.238999977708,110336,Ok,
500,97,True,200,4004.0716999210417,110336,Ok,
500,95,True,200,4028.6342999897897,110336,Ok,
500,80,True,200,4051.897200057283,110336,Ok,
500,75,True,200,4073.9905999507755,110336,Ok,
500,98,True,200,4176.138299982995,110336,Ok,
500,92,True,200,4201.581000117585,110336,Ok,
500,84,True,200,4212.072200141847,110336,Ok,
500,82,True,200,4226.4991998672485,110336,Ok,
500,93,True,200,4344.385400181636,110336,Ok,
500,96,True,200,4344.840999925509,110336,Ok,
500,91,True,200,4352.622900158167,110336,Ok,
500,87,True,200,4359.308999963105,110336,Ok,
500,94,True,200,4489.283700007945,110336,Ok,
500,77,True,200,4506.889399839565,110336,Ok,
500,90,True,200,4505.470199976116,110336,Ok,
500,89,True,200,4512.5616998411715,110336,Ok,
500,100,True,200,4619.285500142723,110336,Ok,
500,54,True,200,4651.716399937868,110336,Ok,
500,85,True,200,4643.193499883637,110336,Ok,
500,99,True,200,4638.221000088379,110336,Ok,
600,12,True,200,5288.541400106624,132457,Ok,
600,2,True,200,5353.708100039512,132457,Ok,
600,9,True,200,5508.351600030437,132457,Ok,
600,23,True,200,5512.9292998462915,132457,Ok,
600,31,True,200,5509.0887998230755,132457,Ok,
600,24,True,200,5516.272200038657,132457,Ok,
600,61,True,200,5488.3278999477625,132457,Ok,
600,75,True,200,5485.288199968636,132457,Ok,
600,6,True,200,5546.7085998971015,132457,Ok,
600,57,True,200,5524.036799790338,132457,Ok,
600,13,True,200,5589.422899996862,132457,Ok,
600,11,True,200,5596.280800178647,132457,Ok,
600,35,True,200,5578.199599869549,132457,Ok,
600,4,True,200,5604.543599998578,132457,Ok,
600,29,True,200,5586.93079999648,132457,Ok,
600,54,True,200,5564.142199931666,132457,Ok,
600,16,True,200,5598.705400014296,132457,Ok,
600,3,True,200,5613.793900003657,132457,Ok,
600,46,True,200,5577.539600199088,132457,Ok,
600,60,True,200,5622.021500021219,132457,Ok,
600,34,True,200,5658.894899999723,132457,Ok,
600,56,True,200,5639.650300145149,132457,Ok,
600,99,True,200,5555.022500222549,132457,Ok,
600,1,True,200,5694.508699933067,132457,Ok,
600,26,True,200,5676.795699866489,132457,Ok,
600,90,True,200,5591.451399959624,132457,Ok,
600,84,True,200,5653.410200029612,132457,Ok,
600,39,True,200,5704.31590010412,132457,Ok,
600,27,True,200,5716.146899852902,132457,Ok,
600,69,True,200,5685.587199870497,132457,Ok,
600,25,True,200,5730.143599910662,132457,Ok,
600,37,True,200,5722.695099888369,132457,Ok,
600,74,True,200,5690.362100023776,132457,Ok,
600,32,True,200,5736.364200012758,132457,Ok,
600,36,True,200,5736.563300015405,132457,Ok,
600,53,True,200,5721.96470014751,132457,Ok,
600,50,True,200,5728.00110001117,132457,Ok,
600,63,True,200,5721.806399989873,132457,Ok,
600,68,True,200,5721.482400083914,132457,Ok,
600,55,True,200,5734.71220000647,132457,Ok,
600,83,True,200,5711.351600009948,132457,Ok,
600,85,True,200,5711.720300139859,132457,Ok,
600,18,True,200,5775.628600036725,132457,Ok,
600,38,True,200,5761.261099949479,132457,Ok,
600,7,True,200,5788.004499860108,132457,Ok,
600,65,True,200,5739.992199931294,132457,Ok,
600,45,True,200,5759.858299978077,132457,Ok,
600,97,True,200,5668.676199857146,132457,Ok,
600,70,True,200,5746.1934997700155,132457,Ok,
600,58,True,200,5758.292899932712,132457,Ok,
600,28,True,200,5789.71579996869,132457,Ok,
600,20,True,200,5798.372599994764,132457,Ok,
600,43,True,200,5785.996000049636,132457,Ok,
600,48,True,200,5784.870200091973,132457,Ok,
600,49,True,200,5786.444100085646,132457,Ok,
600,77,True,200,5765.876600053161,132457,Ok,
600,40,True,200,5801.875300006941,132457,Ok,
600,42,True,200,5800.808799918741,132457,Ok,
600,15,True,200,5824.505599914119,132457,Ok,
600,92,True,200,5708.1459001637995,132457,Ok,
600,62,True,200,5788.910900009796,132457,Ok,
600,78,True,200,5778.474500169978,132457,Ok,
600,98,True,200,5719.695300096646,132457,Ok,
600,33,True,200,5841.913599986583,132457,Ok,
600,95,True,200,5741.330599877983,132457,Ok,
600,71,True,200,5814.8329998366535,132457,Ok,
600,72,True,200,5815.286899916828,132457,Ok,
600,52,True,200,5832.924799993634,132457,Ok,
600,10,True,200,5872.160299913958,132457,Ok,
600,5,True,200,5878.048199927434,132457,Ok,
600,66,True,200,5826.976299984381,132457,Ok,
600,94,True,200,5764.5674999803305,132457,Ok,
600,64,True,200,5842.304800171405,132457,Ok,
600,73,True,200,5836.0498000402,132457,Ok,
600,76,True,200,5841.310800053179,132457,Ok,
600,80,True,200,5842.662799870595,132457,Ok,
600,14,True,200,5905.117999995127,132457,Ok,
600,30,True,200,5894.786400021985,132457,Ok,
600,81,True,200,5874.731699936092,132457,Ok,
600,47,True,200,5909.680800046772,132457,Ok,
600,59,True,200,5904.010100057349,132457,Ok,
600,82,True,200,5884.127999888733,132457,Ok,
600,88,True,200,5856.227000011131,132457,Ok,
600,51,True,200,5921.031000092626,132457,Ok,
600,19,True,200,5951.616899808869,132457,Ok,
600,86,True,200,5903.441400034353,132457,Ok,
600,41,True,200,5950.529699912295,132457,Ok,
600,79,True,200,5919.139799894765,132457,Ok,
600,8,True,200,5989.920000080019,132457,Ok,
600,44,True,200,5964.855599915609,132457,Ok,
600,87,True,200,5927.250099834055,132457,Ok,
600,100,True,200,5870.504599995911,132457,Ok,
600,93,True,200,5880.015200003982,132457,Ok,
600,22,True,200,5997.005200013518,132457,Ok,
600,96,True,200,5882.872799877077,132457,Ok,
600,21,True,200,6001.805700128898,132457,Ok,
600,91,True,200,5891.287599923089,132457,Ok,
600,67,True,200,5963.963899994269,132457,Ok,
600,89,True,200,5910.725899972022,132457,Ok,
600,17,True,200,6016.539699863642,132457,Ok,
700,24,True,200,6447.594600031152,154627,Ok,
700,2,True,200,6528.131500119343,154627,Ok,
700,17,True,200,6519.248700002208,154627,Ok,
700,30,True,200,6499.219999881461,154627,Ok,
700,15,True,200,6529.544499935582,154627,Ok,
700,55,True,200,6476.758900098503,154627,Ok,
700,18,True,200,6531.133800046518,154627,Ok,
700,67,True,200,6459.999800194055,154627,Ok,
700,38,True,200,6506.944900145754,154627,Ok,
700,96,True,200,6501.542099984363,154627,Ok,
700,29,True,200,6586.437700083479,154627,Ok,
700,3,True,200,6618.96639992483,154627,Ok,
700,22,True,200,6600.824800087139,154627,Ok,
700,19,True,200,6609.227200038731,154627,Ok,
700,56,True,200,6559.847300173715,154627,Ok,
700,5,True,200,6658.236100105569,154627,Ok,
700,34,True,200,6628.910999977961,154627,Ok,
700,63,True,200,6593.925599940121,154627,Ok,
700,25,True,200,6654.716700082645,154627,Ok,
700,47,True,200,6621.905500069261,154627,Ok,
700,16,True,200,6673.853100044653,154627,Ok,
700,13,True,200,6680.191699881107,154627,Ok,
700,51,True,200,6629.582500085235,154627,Ok,
700,57,True,200,6627.245399868116,154627,Ok,
700,41,True,200,6649.631900014356,154627,Ok,
700,87,True,200,6606.022099964321,154627,Ok,
700,97,True,200,6596.71980002895,154627,Ok,
700,44,True,200,6672.351199900731,154627,Ok,
700,75,True,200,6638.843399938196,154627,Ok,
700,20,True,200,6716.798899928108,154627,Ok,
700,60,True,200,6662.358400179073,154627,Ok,
700,65,True,200,6653.75900012441,154627,Ok,
700,37,True,200,6698.351599974558,154627,Ok,
700,1,True,200,6755.921100033447,154627,Ok,
700,82,True,200,6657.51240006648,154627,Ok,
700,28,True,200,6746.70200003311,154627,Ok,
700,61,True,200,6703.345600049943,154627,Ok,
700,84,True,200,6683.961600065231,154627,Ok,
700,86,True,200,6688.458600081503,154627,Ok,
700,8,True,200,6787.696699844673,154627,Ok,
700,95,True,200,6680.502400035039,154627,Ok,
700,14,True,200,6797.8741999249905,154627,Ok,
700,52,True,200,6757.0760999806225,154627,Ok,
700,81,True,200,6745.31070003286,154627,Ok,
700,49,True,200,6801.297900034115,154627,Ok,
700,54,True,200,6800.638800021261,154627,Ok,
700,6,True,200,6864.715399919078,154627,Ok,
700,40,True,200,6819.796499796212,154627,Ok,
700,36,True,200,6835.837099933997,154627,Ok,
700,100,True,200,6770.886200014502,154627,Ok,
700,4,True,200,6899.720899993554,154627,Ok,
700,68,True,200,6844.495000084862,154627,Ok,
700,62,True,200,6863.121599890292,154627,Ok,
700,70,True,200,6859.656399814412,154627,Ok,
700,11,True,200,6949.26240015775,154627,Ok,
700,58,True,200,6887.894200161099,154627,Ok,
700,23,True,200,6951.438399963081,154627,Ok,
700,78,True,200,6879.6802998986095,154627,Ok,
700,21,True,200,6963.308000005782,154627,Ok,
700,10,True,200,6981.802799971774,154627,Ok,
700,39,True,200,6939.574100077152,154627,Ok,
700,46,True,200,6937.683600001037,154627,Ok,
700,9,True,200,6997.52389988862,154627,Ok,
700,79,True,200,6908.903099829331,154627,Ok,
700,83,True,200,6909.70590012148,154627,Ok,
700,73,True,200,6923.160299891606,154627,Ok,
700,91,True,200,6911.593100056052,154627,Ok,
700,27,True,200,7001.074499916285,154627,Ok,
700,77,True,200,6936.088800197467,154627,Ok,
700,98,True,200,6914.529799949378,154627,Ok,
700,64,True,200,6953.066399786621,154627,Ok,
700,80,True,200,6945.653700036928,154627,Ok,
700,94,True,200,6937.22469988279,154627,Ok,
700,45,True,200,6990.177200175822,154627,Ok,
700,53,True,200,6988.077600020915,154627,Ok,
700,42,True,200,7008.363800123334,154627,Ok,
700,90,True,200,6961.994900135323,154627,Ok,
700,50,True,200,7006.300300126895,154627,Ok,
700,33,True,200,7035.58829985559,154627,Ok,
700,59,True,200,7005.730599863455,154627,Ok,
700,43,True,200,7020.863200072199,154627,Ok,
700,66,True,200,6996.383500052616,154627,Ok,
700,48,True,200,7023.922599852085,154627,Ok,
700,35,True,200,7045.852599898353,154627,Ok,
700,71,True,200,7000.104499980807,154627,Ok,
700,31,True,200,7061.403200030327,154627,Ok,
700,88,True,200,6996.025699889287,154627,Ok,
700,12,True,200,7096.7273998539895,154627,Ok,
700,69,True,200,7020.379000110552,154627,Ok,
700,89,True,200,7006.5835998393595,154627,Ok,
700,99,True,200,6992.036300012842,154627,Ok,
700,72,True,200,7022.77380018495,154627,Ok,
700,93,True,200,7010.079100029543,154627,Ok,
700,26,True,200,7095.933699980378,154627,Ok,
700,76,True,200,7030.30960005708,154627,Ok,
700,74,True,200,7033.638899913058,154627,Ok,
700,92,True,200,7023.255500011146,154627,Ok,
700,32,True,200,7097.843899857253,154627,Ok,
700,85,True,200,7036.750300088897,154627,Ok,
700,7,True,200,7135.322199901566,154627,Ok,
800,21,True,200,7560.618599876761,176928,Ok,
800,36,True,200,7550.741099985316,176928,Ok,
800,46,True,200,7548.11599990353,176928,Ok,
800,32,True,200,7579.380500130355,176928,Ok,
800,77,True,200,7548.038200009614,176928,Ok,
800,99,True,200,7531.0347999911755,176928,Ok,
800,7,True,200,7650.482299970463,176928,Ok,
800,35,True,200,7671.273600077257,176928,Ok,
800,20,True,200,7685.923100216314,176928,Ok,
800,64,True,200,7656.709200004116,176928,Ok,
800,63,True,200,7661.125299986452,176928,Ok,
800,80,True,200,7690.827700076625,176928,Ok,
800,55,True,200,7712.354399962351,176928,Ok,
800,39,True,200,7726.184499915689,176928,Ok,
800,66,True,200,7726.17969987914,176928,Ok,
800,97,True,200,7705.557600129396,176928,Ok,
800,18,True,200,7772.693899925798,176928,Ok,
800,48,True,200,7755.392899969593,176928,Ok,
800,27,True,200,7777.931499993429,176928,Ok,
800,41,True,200,7770.434600068256,176928,Ok,
800,61,True,200,7761.589800007641,176928,Ok,
800,3,True,200,7822.842799825594,176928,Ok,
800,52,True,200,7787.170600146055,176928,Ok,
800,2,True,200,7831.871500005946,176928,Ok,
800,10,True,200,7828.176699811593,176928,Ok,
800,9,True,200,7831.956400070339,176928,Ok,
800,51,True,200,7808.584500104189,176928,Ok,
800,15,True,200,7846.586700063199,176928,Ok,
800,95,True,200,7790.569999953732,176928,Ok,
800,87,True,200,7807.298100087792,176928,Ok,
800,47,True,200,7846.921999938786,176928,Ok,
800,56,True,200,7850.475099869072,176928,Ok,
800,79,True,200,7835.662900004536,176928,Ok,
800,81,True,200,7836.090199882165,176928,Ok,
800,19,True,200,7887.847500154749,176928,Ok,
800,94,True,200,7833.424699958414,176928,Ok,
800,34,True,200,7883.949599927291,176928,Ok,
800,13,True,200,7904.227599967271,176928,Ok,
800,50,True,200,7881.10959995538,176928,Ok,
800,58,True,200,7877.343199914321,176928,Ok,
800,72,True,200,7894.45160003379,176928,Ok,
800,68,True,200,7912.510000169277,176928,Ok,
800,89,True,200,7908.220699988306,176928,Ok,
800,76,True,200,7932.205999968573,176928,Ok,
800,1,True,200,8053.68009977974,176928,Ok,
800,14,True,200,8049.4840000756085,176928,Ok,
800,82,True,200,8000.521600013599,176928,Ok,
800,90,True,200,8010.923499939963,176928,Ok,
800,84,True,200,8024.303700076416,176928,Ok,
800,16,True,200,8077.682900009677,176928,Ok,
800,28,True,200,8070.392400026321,176928,Ok,
800,86,True,200,8030.166500015184,176928,Ok,
800,23,True,200,8116.1757002118975,176928,Ok,
800,53,True,200,8095.536099979654,176928,Ok,
800,96,True,200,8063.049100106582,176928,Ok,
800,8,True,200,8134.496899787337,176928,Ok,
800,73,True,200,8086.337700020522,176928,Ok,
800,59,True,200,8099.776700139046,176928,Ok,
800,6,True,200,8142.944700084627,176928,Ok,
800,71,True,200,8094.895400106907,176928,Ok,
800,85,True,200,8107.607299927622,176928,Ok,
800,11,True,200,8166.359500028193,176928,Ok,
800,92,True,200,8109.963400056586,176928,Ok,
800,42,True,200,8181.523100007325,176928,Ok,
800,4,True,200,8215.432699769735,176928,Ok,
800,26,True,200,8199.854499893263,176928,Ok,
800,29,True,200,8200.145300012082,176928,Ok,
800,60,True,200,8179.287699982524,176928,Ok,
800,17,True,200,8213.817900046706,176928,Ok,
800,83,True,200,8166.31540004164,176928,Ok,
800,75,True,200,8173.566900193691,176928,Ok,
800,57,True,200,8189.277600031346,176928,Ok,
800,22,True,200,8217.431399971247,176928,Ok,
800,38,True,200,8206.725699827075,176928,Ok,
800,88,True,200,8171.790699940175,176928,Ok,
800,30,True,200,8216.00710018538,176928,Ok,
800,45,True,200,8206.601900048554,176928,Ok,
800,78,True,200,8184.085899963975,176928,Ok,
800,62,True,200,8197.871400043368,176928,Ok,
800,54,True,200,8205.763699952513,176928,Ok,
800,40,True,200,8218.607099959627,176928,Ok,
800,43,True,200,8218.06830004789,176928,Ok,
800,37,True,200,8224.682699888945,176928,Ok,
800,67,True,200,8205.59519995004,176928,Ok,
800,5,True,200,8254.893700126559,176928,Ok,
800,70,True,200,8206.77029993385,176928,Ok,
800,49,True,200,8225.101500051096,176928,Ok,
800,65,True,200,8215.460899984464,176928,Ok,
800,24,True,200,8248.202899936587,176928,Ok,
800,12,True,200,8260.018999921158,176928,Ok,
800,25,True,200,8251.78339984268,176928,Ok,
800,69,True,200,8220.22489993833,176928,Ok,
800,33,True,200,8250.058999983594,176928,Ok,
800,31,True,200,8253.806099994108,176928,Ok,
800,100,True,200,8202.343799872324,176928,Ok,
800,91,True,200,8211.354200029746,176928,Ok,
800,44,True,200,8251.004500081763,176928,Ok,
800,98,True,200,8210.54259990342,176928,Ok,
800,93,True,200,8216.648900182918,176928,Ok,
800,74,True,200,8235.084499930963,176928,Ok,
900,7,True,200,8160.398699808866,199090,Ok,
900,15,True,200,8444.086800096557,199090,Ok,
900,60,True,200,8587.260500062257,199090,Ok,
900,89,True,200,8574.39750013873,199090,Ok,
900,34,True,200,8766.08070009388,199090,Ok,
900,5,True,200,8808.025500038639,199090,Ok,
900,66,True,200,8722.758500138298,199090,Ok,
900,10,True,200,8822.862700093538,199090,Ok,
900,28,True,200,8797.856599790975,199090,Ok,
900,82,True,200,8800.223999889567,199090,Ok,
900,42,True,200,8868.890800047666,199090,Ok,
900,19,True,200,8930.860699852929,199090,Ok,
900,3,True,200,8956.012800103053,199090,Ok,
900,36,True,200,8919.846900040284,199090,Ok,
900,16,True,200,8968.650500057265,199090,Ok,
900,92,True,200,8854.626999935135,199090,Ok,
900,38,True,200,8941.48729997687,199090,Ok,
900,43,True,200,8941.84589991346,199090,Ok,
900,32,True,200,8968.645500019193,199090,Ok,
900,14,True,200,9000.698200194165,199090,Ok,
900,9,True,200,9009.025800041854,199090,Ok,
900,97,True,200,8893.292599823326,199090,Ok,
900,29,True,200,9006.79360004142,199090,Ok,
900,4,True,200,9047.129400074482,199090,Ok,
900,79,True,200,8941.237600054592,199090,Ok,
900,47,True,200,8992.846000008285,199090,Ok,
900,55,True,200,8976.702000014484,199090,Ok,
900,35,True,200,9017.090499866754,199090,Ok,
900,45,True,200,9009.577500168234,199090,Ok,
900,83,True,200,8952.484800014645,199090,Ok,
900,31,True,200,9034.734099870548,199090,Ok,
900,51,True,200,9014.00399999693,199090,Ok,
900,21,True,200,9065.83460001275,199090,Ok,
900,71,True,200,8984.548700042069,199090,Ok,
900,12,True,200,9083.46480014734,199090,Ok,
900,100,True,200,8945.051899878308,199090,Ok,
900,53,True,200,9021.349600050598,199090,Ok,
900,64,True,200,9003.035800065845,199090,Ok,
900,18,True,200,9093.197900103405,199090,Ok,
900,68,True,200,9010.063900146633,199090,Ok,
900,70,True,200,9010.247900150716,199090,Ok,
900,99,True,200,8994.908299995586,199090,Ok,
900,88,True,200,9018.599800067022,199090,Ok,
900,74,True,200,9042.187699815258,199090,Ok,
900,44,True,200,9095.778499962762,199090,Ok,
900,90,True,200,9026.459299959242,199090,Ok,
900,1,True,200,9158.365100156516,199090,Ok,
900,61,True,200,9070.915499934927,199090,Ok,
900,24,True,200,9140.741199953482,199090,Ok,
900,49,True,200,9102.54540015012,199090,Ok,
900,56,True,200,9117.0751999598,199090,Ok,
900,39,True,200,9192.282699979842,199090,Ok,
900,27,True,200,9227.067299885675,199090,Ok,
900,75,True,200,9153.803699882701,199090,Ok,
900,2,True,200,9304.39529987052,199090,Ok,
900,25,True,200,9311.903499998152,199090,Ok,
900,69,True,200,9239.671100163832,199090,Ok,
900,98,True,200,9219.347400125116,199090,Ok,
900,93,True,200,9234.495899872854,199090,Ok,
900,63,True,200,9276.061199838296,199090,Ok,
900,30,True,200,9343.690800014883,199090,Ok,
900,11,True,200,9379.160499898717,199090,Ok,
900,59,True,200,9296.872900100425,199090,Ok,
900,94,True,200,9256.049399962649,199090,Ok,
900,65,True,200,9293.676899978891,199090,Ok,
900,95,True,200,9258.90289992094,199090,Ok,
900,8,True,200,9393.37159995921,199090,Ok,
900,80,True,200,9285.96009989269,199090,Ok,
900,73,True,200,9295.60529999435,199090,Ok,
900,22,True,200,9381.394099909812,199090,Ok,
900,77,True,200,9296.309099998325,199090,Ok,
900,91,True,200,9279.799200128764,199090,Ok,
900,52,True,200,9339.536699932069,199090,Ok,
900,33,True,200,9376.02740013972,199090,Ok,
900,96,True,200,9281.133800046518,199090,Ok,
900,78,True,200,9311.158600030467,199090,Ok,
900,41,True,200,9380.315399961546,199090,Ok,
900,58,True,200,9343.453099951148,199090,Ok,
900,37,True,200,9388.686200138181,199090,Ok,
900,17,True,200,9421.375999925658,199090,Ok,
900,76,True,200,9328.3681999892,199090,Ok,
900,6,True,200,9438.147299923003,199090,Ok,
900,50,True,200,9373.853400116786,199090,Ok,
900,48,True,200,9378.400700166821,199090,Ok,
900,23,True,200,9421.75620002672,199090,Ok,
900,57,True,200,9361.381100025028,199090,Ok,
900,62,True,200,9355.85859999992,199090,Ok,
900,46,True,200,9394.860799890012,199090,Ok,
900,72,True,200,9351.383600151166,199090,Ok,
900,86,True,200,9338.151999982074,199090,Ok,
900,54,True,200,9386.334500042722,199090,Ok,
900,87,True,200,9341.658300021663,199090,Ok,
900,40,True,200,9418.663099873811,199090,Ok,
900,85,True,200,9348.746699979529,199090,Ok,
900,84,True,200,9353.378900093958,199090,Ok,
900,13,True,200,9464.315399993211,199090,Ok,
900,20,True,200,9455.999600002542,199090,Ok,
900,67,True,200,9376.686400035396,199090,Ok,
900,81,True,200,9363.490300020203,199090,Ok,
900,26,True,200,9450.432599987835,199090,Ok,
1000,1,True,200,9478.634899947792,221385,Ok,
1000,17,True,200,9663.530099904165,221385,Ok,
1000,96,True,200,9687.89379997179,221385,Ok,
1000,97,True,200,9699.645000044256,221385,Ok,
1000,52,True,200,9755.168600007892,221385,Ok,
1000,94,True,200,9733.214099891484,221385,Ok,
1000,9,True,200,9830.060000065714,221385,Ok,
1000,99,True,200,9726.640800014138,221385,Ok,
1000,100,True,200,9726.813500048593,221385,Ok,
1000,85,True,200,9756.601500092074,221385,Ok,
1000,16,True,200,9837.817399995402,221385,Ok,
1000,64,True,200,9779.999200021848,221385,Ok,
1000,3,True,200,9854.918800061569,221385,Ok,
1000,22,True,200,9849.558399990201,221385,Ok,
1000,38,True,200,9876.13600003533,221385,Ok,
1000,7,True,200,9962.355899857357,221385,Ok,
1000,50,True,200,9910.144499968737,221385,Ok,
1000,84,True,200,9885.762699879706,221385,Ok,
1000,69,True,200,9899.22929997556,221385,Ok,
1000,49,True,200,9923.023600131273,221385,Ok,
1000,23,True,200,9966.38480015099,221385,Ok,
1000,90,True,200,9898.650500224903,221385,Ok,
1000,58,True,200,9929.663500050083,221385,Ok,
1000,77,True,200,9916.284100152552,221385,Ok,
1000,93,True,200,9916.453500045463,221385,Ok,
1000,42,True,200,9970.978799974546,221385,Ok,
1000,25,True,200,9996.10840016976,221385,Ok,
1000,18,True,200,10014.183799969032,221385,Ok,
1000,2,True,200,10033.056600019336,221385,Ok,
1000,28,True,200,10045.875899959356,221385,Ok,
1000,35,True,200,10042.142499936745,221385,Ok,
1000,83,True,200,10006.768400082365,221385,Ok,
1000,81,True,200,10011.226899921894,221385,Ok,
1000,63,True,200,10034.609999973327,221385,Ok,
1000,98,True,200,10000.2335999161,221385,Ok,
1000,41,True,200,10066.01980002597,221385,Ok,
1000,92,True,200,10019.100700039417,221385,Ok,
1000,59,True,200,10056.206499924883,221385,Ok,
1000,36,True,200,10087.308099959046,221385,Ok,
1000,53,True,200,10067.487399792299,221385,Ok,
1000,57,True,200,10065.10529993102,221385,Ok,
1000,10,True,200,10127.77050002478,221385,Ok,
1000,82,True,200,10048.833899898455,221385,Ok,
1000,74,True,200,10057.520400034264,221385,Ok,
1000,76,True,200,10058.51830006577,221385,Ok,
1000,55,True,200,10080.958999926224,221385,Ok,
1000,80,True,200,10060.846399981529,221385,Ok,
1000,24,True,200,10148.239700123668,221385,Ok,
1000,44,True,200,10132.510999916121,221385,Ok,
1000,72,True,200,10108.328300062567,221385,Ok,
1000,6,True,200,10189.748600125313,221385,Ok,
1000,21,True,200,10174.702600110322,221385,Ok,
1000,11,True,200,10192.020900081843,221385,Ok,
1000,70,True,200,10123.29260003753,221385,Ok,
1000,39,True,200,10179.249600041658,221385,Ok,
1000,12,True,200,10238.88530000113,221385,Ok,
1000,54,True,200,10186.260899994522,221385,Ok,
1000,43,True,200,10221.998399822041,221385,Ok,
1000,37,True,200,10233.643600018695,221385,Ok,
1000,60,True,200,10209.595400141552,221385,Ok,
1000,89,True,200,10187.51690001227,221385,Ok,
1000,34,True,200,10247.797999996692,221385,Ok,
1000,87,True,200,10196.587200043723,221385,Ok,
1000,61,True,200,10226.043500006199,221385,Ok,
1000,4,True,200,10294.154200004414,221385,Ok,
1000,5,True,200,10297.522499924526,221385,Ok,
1000,47,True,200,10249.154099961743,221385,Ok,
1000,68,True,200,10236.912699881941,221385,Ok,
1000,88,True,200,10229.395699920133,221385,Ok,
1000,78,True,200,10284.204700030386,221385,Ok,
1000,32,True,200,10339.446199825034,221385,Ok,
1000,27,True,200,10348.802800057456,221385,Ok,
1000,19,True,200,10366.029500029981,221385,Ok,
1000,31,True,200,10356.861100066453,221385,Ok,
1000,62,True,200,10332.646199967712,221385,Ok,
1000,46,True,200,10351.966999936849,221385,Ok,
1000,40,True,200,10370.424600085244,221385,Ok,
1000,8,True,200,10413.470400031656,221385,Ok,
1000,86,True,200,10330.381999956444,221385,Ok,
1000,95,True,200,10322.625199798495,221385,Ok,
1000,14,True,200,10418.260799953714,221385,Ok,
1000,79,True,200,10344.264100072905,221385,Ok,
1000,45,True,200,10380.705999908969,221385,Ok,
1000,65,True,200,10361.120800022036,221385,Ok,
1000,20,True,200,10419.955499935895,221385,Ok,
1000,75,True,200,10359.555799979717,221385,Ok,
1000,15,True,200,10434.582599904388,221385,Ok,
1000,33,True,200,10413.826300064102,221385,Ok,
1000,91,True,200,10357.16319992207,221385,Ok,
1000,56,True,200,10392.016399884596,221385,Ok,
1000,29,True,200,10427.871699910611,221385,Ok,
1000,73,True,200,10381.352399941534,221385,Ok,
1000,51,True,200,10406.220200005919,221385,Ok,
1000,67,True,200,10393.000099807978,221385,Ok,
1000,48,True,200,10416.939100017771,221385,Ok,
1000,26,True,200,10447.637400124222,221385,Ok,
1000,13,True,200,10471.837099874392,221385,Ok,
1000,71,True,200,10403.271600138396,221385,Ok,
1000,66,True,200,10411.008400144055,221385,Ok,
1000,30,True,200,10663.492599967867,221385,Ok,
