baseline_service_file,STRATEGIC_CITY_NAME,candidate_region_count,POSTAL_CODE,region_id,region_seq,AREA_NAME,service_count,latitude,longitude
260310\input\Service_202605291521_normalized_geocoded.csv,"Los Angeles, CA",6,90001,los_angeles_ca_r01,1,Region 1,0.23,33.973461394848705,-118.25193876898857
260310\input\Service_202605291521_normalized_geocoded.csv,"Los Angeles, CA",6,90002,los_angeles_ca_r01,1,Region 1,0.05,33.951680337473334,-118.24966442240934
260310\input\Service_202605291521_normalized_geocoded.csv,"Los Angeles, CA",6,90003,los_angeles_ca_r01,1,Region 1,0.05,33.964070168072666,-118.27116602509
260310\input\Service_202605291521_normalized_geocoded.csv,"Los Angeles, CA",6,90004,los_angeles_ca_r01,1,Region 1,0.28,34.07575575383511,-118.31099614442068
260310\input\Service_202605291521_normalized_geocoded.csv,"Los Angeles, CA",6,90005,los_angeles_ca_r01,1,Region 1,0.18,34.058746012687,-118.3174150854885
260310\input\Service_202605291521_normalized_geocoded.csv,"Los Angeles, CA",6,90006,los_angeles_ca_r01,1,Region 1,0.05,34.04612054184,-118.295033677375
260310\input\Service_202605291521_normalized_geocoded.csv,"Los Angeles, CA",6,90007,los_angeles_ca_r01,1,Region 1,0.04,34.023199489014,-118.288118605139
260310\input\Service_202605291521_normalized_geocoded.csv,"Los Angeles, CA",6,90008,los_angeles_ca_r01,1,Region 1,0.14,34.01236755282588,-118.34947601160611
260310\input\Service_202605291521_normalized_geocoded.csv,"Los Angeles, CA",6,90010,los_angeles_ca_r01,1,Region 1,0.26,34.061739204679206,-118.30530250346118
260310\input\Service_202605291521_normalized_geocoded.csv,"Los Angeles, CA",6,90011,los_angeles_ca_r01,1,Region 1,0.16,34.012949504176,-118.26288261180773
260310\input\Service_202605291521_normalized_geocoded.csv,"Los Angeles, CA",6,90012,los_angeles_ca_r01,1,Region 1,0.05,34.053339411391995,-118.24201285918532
260310\input\Service_202605291521_normalized_geocoded.csv,"Los Angeles, CA",6,90015,los_angeles_ca_r01,1,Region 1,0.02,34.04564828147,-118.266479145464
260310\input\Service_202605291521_normalized_geocoded.csv,"Los Angeles, CA",6,90016,los_angeles_ca_r01,1,Region 1,0.16,34.02503343793455,-118.35765698556769
260310\input\Service_202605291521_normalized_geocoded.csv,"Los Angeles, CA",6,90018,los_angeles_ca_r01,1,Region 1,0.12,34.0223206808636,-118.314908344563
260310\input\Service_202605291521_normalized_geocoded.csv,"Los Angeles, CA",6,90019,los_angeles_ca_r01,1,Region 1,0.46,34.05113739668229,-118.3282944732411
260310\input\Service_202605291521_normalized_geocoded.csv,"Los Angeles, CA",6,90020,los_angeles_ca_r01,1,Region 1,0.26,34.06523389153794,-118.3079828734056
260310\input\Service_202605291521_normalized_geocoded.csv,"Los Angeles, CA",6,90021,los_angeles_ca_r01,1,Region 1,0.04,34.035776384657495,-118.233367206476
260310\input\Service_202605291521_normalized_geocoded.csv,"Los Angeles, CA",6,90022,los_angeles_ca_r01,1,Region 1,0.23,34.02730665719661,-118.17170120765854
260310\input\Service_202605291521_normalized_geocoded.csv,"Los Angeles, CA",6,90023,los_angeles_ca_r01,1,Region 1,0.04,34.015987457912004,-118.192449693211
260310\input\Service_202605291521_normalized_geocoded.csv,"Los Angeles, CA",6,90024,los_angeles_ca_r01,1,Region 1,0.18,34.0608828592585,-118.4320448971168
260310\input\Service_202605291521_normalized_geocoded.csv,"Los Angeles, CA",6,90025,los_angeles_ca_r01,1,Region 1,0.25,34.04640417331286,-118.44299267945696
260310\input\Service_202605291521_normalized_geocoded.csv,"Los Angeles, CA",6,90026,los_angeles_ca_r01,1,Region 1,0.11,34.08032008343667,-118.25869972703984
260310\input\Service_202605291521_normalized_geocoded.csv,"Los Angeles, CA",6,90027,los_angeles_ca_r01,1,Region 1,1.39,34.09992781475708,-118.29997137653837
260310\input\Service_202605291521_normalized_geocoded.csv,"Los Angeles, CA",6,90028,los_angeles_ca_r01,1,Region 1,0.18,34.0982856521072,-118.3399057907131
260310\input\Service_202605291521_normalized_geocoded.csv,"Los Angeles, CA",6,90029,los_angeles_ca_r01,1,Region 1,0.05,34.093163279916006,-118.295656000412
260310\input\Service_202605291521_normalized_geocoded.csv,"Los Angeles, CA",6,90031,los_angeles_ca_r01,1,Region 1,0.09,34.083003502078,-118.2106491942586
260310\input\Service_202605291521_normalized_geocoded.csv,"Los Angeles, CA",6,90032,los_angeles_ca_r01,1,Region 1,0.12,34.087606802259,-118.17198517884114
260310\input\Service_202605291521_normalized_geocoded.csv,"Los Angeles, CA",6,90033,los_angeles_ca_r01,1,Region 1,0.07,34.048311424295754,-118.217601039404
260310\input\Service_202605291521_normalized_geocoded.csv,"Los Angeles, CA",6,90034,los_angeles_ca_r01,1,Region 1,0.23,34.03529979309295,-118.39211665004076
260310\input\Service_202605291521_normalized_geocoded.csv,"Los Angeles, CA",6,90035,los_angeles_ca_r01,1,Region 1,0.32,34.05228174106673,-118.38737362444456
260310\input\Service_202605291521_normalized_geocoded.csv,"Los Angeles, CA",6,90036,los_angeles_ca_r01,1,Region 1,0.16,34.07237231140325,-118.34684362125712
260310\input\Service_202605291521_normalized_geocoded.csv,"Los Angeles, CA",6,90037,los_angeles_ca_r01,1,Region 1,0.09,34.0040877855114,-118.2869910613338
260310\input\Service_202605291521_normalized_geocoded.csv,"Los Angeles, CA",6,90038,los_angeles_ca_r01,1,Region 1,0.07,34.09037817963833,-118.33729162124132
260310\input\Service_202605291521_normalized_geocoded.csv,"Los Angeles, CA",6,90039,los_angeles_ca_r01,1,Region 1,0.07,34.10566669677525,-118.26289863865576
260310\input\Service_202605291521_normalized_geocoded.csv,"Los Angeles, CA",6,90040,los_angeles_ca_r01,1,Region 1,0.04,34.011108211343995,-118.166700297925
260310\input\Service_202605291521_normalized_geocoded.csv,"Los Angeles, CA",6,90041,los_angeles_ca_r01,1,Region 1,0.3,34.138907451054074,-118.20079911731486
260310\input\Service_202605291521_normalized_geocoded.csv,"Los Angeles, CA",6,90042,los_angeles_ca_r01,1,Region 1,0.26,34.11284241037232,-118.18565729898422
260310\input\Service_202605291521_normalized_geocoded.csv,"Los Angeles, CA",6,90043,los_angeles_ca_r01,1,Region 1,0.3,33.98839457519909,-118.33857047875908
260310\input\Service_202605291521_normalized_geocoded.csv,"Los Angeles, CA",6,90044,los_angeles_ca_r01,1,Region 1,0.11,33.93602215876433,-118.29069168176916
260310\input\Service_202605291521_normalized_geocoded.csv,"Los Angeles, CA",6,90045,los_angeles_ca_r01,1,Region 1,0.28,33.966970732126654,-118.39867832540962
260310\input\Service_202605291521_normalized_geocoded.csv,"Los Angeles, CA",6,90046,los_angeles_ca_r01,1,Region 1,0.12,34.10750439071416,-118.37180750434231
260310\input\Service_202605291521_normalized_geocoded.csv,"Los Angeles, CA",6,90047,los_angeles_ca_r01,1,Region 1,0.35,33.958254395802,-118.30670695907124
260310\input\Service_202605291521_normalized_geocoded.csv,"Los Angeles, CA",6,90048,los_angeles_ca_r01,1,Region 1,0.25,34.068337892861564,-118.3703026568854
260310\input\Service_202605291521_normalized_geocoded.csv,"Los Angeles, CA",6,90049,los_angeles_ca_r01,1,Region 1,0.3,34.06505576841602,-118.46902578932912
260310\input\Service_202605291521_normalized_geocoded.csv,"Los Angeles, CA",6,90056,los_angeles_ca_r01,1,Region 1,0.12,33.98362411868308,-118.37186191323592
260310\input\Service_202605291521_normalized_geocoded.csv,"Los Angeles, CA",6,90057,los_angeles_ca_r01,1,Region 1,0.05,34.06552287748867,-118.27892930110832
260310\input\Service_202605291521_normalized_geocoded.csv,"Los Angeles, CA",6,90058,los_angeles_ca_r01,1,Region 1,0.02,33.998517518758,-118.180585715632
260310\input\Service_202605291521_normalized_geocoded.csv,"Los Angeles, CA",6,90059,los_angeles_ca_r01,1,Region 1,0.25,33.924343930718045,-118.25192039248664
260310\input\Service_202605291521_normalized_geocoded.csv,"Los Angeles, CA",6,90061,los_angeles_ca_r01,1,Region 1,0.07,33.91943789036525,-118.2727985067405
260310\input\Service_202605291521_normalized_geocoded.csv,"Los Angeles, CA",6,90062,los_angeles_ca_r01,1,Region 1,0.05,34.004135549446005,-118.30453544331874
260310\input\Service_202605291521_normalized_geocoded.csv,"Los Angeles, CA",6,90063,los_angeles_ca_r01,1,Region 1,0.14,34.038806042734784,-118.18690639608064
260310\input\Service_202605291521_normalized_geocoded.csv,"Los Angeles, CA",6,90064,los_angeles_ca_r01,1,Region 1,0.26,34.0384988504235,-118.4203668429785
260310\input\Service_202605291521_normalized_geocoded.csv,"Los Angeles, CA",6,90065,los_angeles_ca_r01,1,Region 1,0.19,34.11543708357405,-118.2253206537954
260310\input\Service_202605291521_normalized_geocoded.csv,"Los Angeles, CA",6,90066,los_angeles_ca_r01,1,Region 1,0.16,34.006566952459124,-118.43729175900262
260310\input\Service_202605291521_normalized_geocoded.csv,"Los Angeles, CA",6,90067,los_angeles_ca_r01,1,Region 1,0.07,34.05582637210275,-118.4098451179535
260310\input\Service_202605291521_normalized_geocoded.csv,"Los Angeles, CA",6,90068,los_angeles_ca_r01,1,Region 1,0.18,34.11925928160978,-118.33524000681862
260310\input\Service_202605291521_normalized_geocoded.csv,"Los Angeles, CA",6,90069,los_angeles_ca_r01,1,Region 1,0.19,34.09124897748606,-118.3767930109075
260310\input\Service_202605291521_normalized_geocoded.csv,"Los Angeles, CA",6,90077,los_angeles_ca_r01,1,Region 1,0.07,34.100674245899,-118.46089262292824
260310\input\Service_202605291521_normalized_geocoded.csv,"Los Angeles, CA",6,90201,los_angeles_ca_r01,1,Region 1,0.21,33.96903678589477,-118.16846404960916
260310\input\Service_202605291521_normalized_geocoded.csv,"Los Angeles, CA",6,90210,los_angeles_ca_r01,1,Region 1,0.16,34.09342925770794,-118.41141533039968
260310\input\Service_202605291521_normalized_geocoded.csv,"Los Angeles, CA",6,90211,los_angeles_ca_r01,1,Region 1,0.12,34.067459699148,-118.38210363569358
260310\input\Service_202605291521_normalized_geocoded.csv,"Los Angeles, CA",6,90212,los_angeles_ca_r01,1,Region 1,0.04,34.061066600721,-118.409292652829
260310\input\Service_202605291521_normalized_geocoded.csv,"Los Angeles, CA",6,90220,los_angeles_ca_r01,1,Region 1,0.23,33.89391003296655,-118.2390902651172
260310\input\Service_202605291521_normalized_geocoded.csv,"Los Angeles, CA",6,90221,los_angeles_ca_r01,1,Region 1,0.16,33.891307244942006,-118.20519842303122
260310\input\Service_202605291521_normalized_geocoded.csv,"Los Angeles, CA",6,90222,los_angeles_ca_r01,1,Region 1,0.09,33.90963935803388,-118.24093361714424
260310\input\Service_202605291521_normalized_geocoded.csv,"Los Angeles, CA",6,90230,los_angeles_ca_r01,1,Region 1,0.11,33.99633343992567,-118.40161719245732
260310\input\Service_202605291521_normalized_geocoded.csv,"Los Angeles, CA",6,90232,los_angeles_ca_r01,1,Region 1,0.11,34.01866829215417,-118.39326187994168
260310\input\Service_202605291521_normalized_geocoded.csv,"Los Angeles, CA",6,90245,los_angeles_ca_r01,1,Region 1,0.12,33.92427630379871,-118.41138697280284
260310\input\Service_202605291521_normalized_geocoded.csv,"Los Angeles, CA",6,90247,los_angeles_ca_r01,1,Region 1,0.23,33.893625673866,-118.29544141736014
260310\input\Service_202605291521_normalized_geocoded.csv,"Los Angeles, CA",6,90248,los_angeles_ca_r01,1,Region 1,0.09,33.8687887286662,-118.298180606308
260310\input\Service_202605291521_normalized_geocoded.csv,"Los Angeles, CA",6,90249,los_angeles_ca_r01,1,Region 1,0.16,33.893452042481336,-118.32465947153132
260310\input\Service_202605291521_normalized_geocoded.csv,"Los Angeles, CA",6,90250,los_angeles_ca_r01,1,Region 1,0.37,33.91323322344103,-118.35724037120158
260310\input\Service_202605291521_normalized_geocoded.csv,"Los Angeles, CA",6,90254,los_angeles_ca_r01,1,Region 1,0.11,33.861396929919664,-118.39514463695782
260310\input\Service_202605291521_normalized_geocoded.csv,"Los Angeles, CA",6,90255,los_angeles_ca_r01,1,Region 1,0.14,33.9753676954665,-118.21179289198348
260310\input\Service_202605291521_normalized_geocoded.csv,"Los Angeles, CA",6,90260,los_angeles_ca_r01,1,Region 1,0.07,33.8949774042845,-118.3552209302315
260310\input\Service_202605291521_normalized_geocoded.csv,"Los Angeles, CA",6,90262,los_angeles_ca_r01,1,Region 1,0.28,33.918652704171535,-118.1982262378946
260310\input\Service_202605291521_normalized_geocoded.csv,"Los Angeles, CA",6,90266,los_angeles_ca_r01,1,Region 1,0.19,33.88791327407511,-118.39668290121428
260310\input\Service_202605291521_normalized_geocoded.csv,"Los Angeles, CA",6,90270,los_angeles_ca_r01,1,Region 1,0.05,33.99019603922233,-118.19370322518968
260310\input\Service_202605291521_normalized_geocoded.csv,"Los Angeles, CA",6,90274,los_angeles_ca_r01,1,Region 1,0.26,33.780130454754584,-118.37603276121592
260310\input\Service_202605291521_normalized_geocoded.csv,"Los Angeles, CA",6,90275,los_angeles_ca_r01,1,Region 1,0.3,33.769370238550735,-118.3625377483733
260310\input\Service_202605291521_normalized_geocoded.csv,"Los Angeles, CA",6,90277,los_angeles_ca_r01,1,Region 1,0.26,33.82867004241367,-118.38320203835362
260310\input\Service_202605291521_normalized_geocoded.csv,"Los Angeles, CA",6,90278,los_angeles_ca_r01,1,Region 1,0.32,33.870382884746654,-118.37110800778903
260310\input\Service_202605291521_normalized_geocoded.csv,"Los Angeles, CA",6,90280,los_angeles_ca_r01,1,Region 1,0.35,33.94155951223883,-118.2003667363084
260310\input\Service_202605291521_normalized_geocoded.csv,"Los Angeles, CA",6,90291,los_angeles_ca_r01,1,Region 1,0.07,33.995614113573254,-118.46339744696375
260310\input\Service_202605291521_normalized_geocoded.csv,"Los Angeles, CA",6,90292,los_angeles_ca_r01,1,Region 1,0.11,33.978920260765165,-118.45306112185015
260310\input\Service_202605291521_normalized_geocoded.csv,"Los Angeles, CA",6,90293,los_angeles_ca_r01,1,Region 1,0.04,33.9565862804355,-118.4393333268585
260310\input\Service_202605291521_normalized_geocoded.csv,"Los Angeles, CA",6,90301,los_angeles_ca_r01,1,Region 1,0.14,33.95673146848012,-118.35591765851312
260310\input\Service_202605291521_normalized_geocoded.csv,"Los Angeles, CA",6,90302,los_angeles_ca_r01,1,Region 1,0.14,33.975651754002286,-118.34977607244493
260310\input\Service_202605291521_normalized_geocoded.csv,"Los Angeles, CA",6,90303,los_angeles_ca_r01,1,Region 1,0.07,33.938609178133504,-118.33076046502632
260310\input\Service_202605291521_normalized_geocoded.csv,"Los Angeles, CA",6,90304,los_angeles_ca_r01,1,Region 1,0.05,33.93955529861267,-118.356922827946
260310\input\Service_202605291521_normalized_geocoded.csv,"Los Angeles, CA",6,90305,los_angeles_ca_r01,1,Region 1,0.12,33.95402434975485,-118.32687675371572
260310\input\Service_202605291521_normalized_geocoded.csv,"Los Angeles, CA",6,90401,los_angeles_ca_r01,1,Region 1,0.02,34.019136246286,-118.487189748712
260310\input\Service_202605291521_normalized_geocoded.csv,"Los Angeles, CA",6,90402,los_angeles_ca_r01,1,Region 1,0.05,34.02814476551566,-118.50978724262234
260310\input\Service_202605291521_normalized_geocoded.csv,"Los Angeles, CA",6,90403,los_angeles_ca_r01,1,Region 1,0.19,34.02976489240117,-118.49278657507747
260310\input\Service_202605291521_normalized_geocoded.csv,"Los Angeles, CA",6,90404,los_angeles_ca_r01,1,Region 1,0.12,34.028703813554586,-118.47652152093632
260310\input\Service_202605291521_normalized_geocoded.csv,"Los Angeles, CA",6,90405,los_angeles_ca_r01,1,Region 1,0.16,34.01041976082,-118.470626541531
260310\input\Service_202605291521_normalized_geocoded.csv,"Los Angeles, CA",6,90501,los_angeles_ca_r01,1,Region 1,0.09,33.8207783314762,-118.3149899546906
260310\input\Service_202605291521_normalized_geocoded.csv,"Los Angeles, CA",6,90502,los_angeles_ca_r01,1,Region 1,0.12,33.83003514755343,-118.29590518653184
260310\input\Service_202605291521_normalized_geocoded.csv,"Los Angeles, CA",6,90503,los_angeles_ca_r01,1,Region 1,0.25,33.838569995009884,-118.3518445521675
260310\input\Service_202605291521_normalized_geocoded.csv,"Los Angeles, CA",6,90504,los_angeles_ca_r01,1,Region 1,0.16,33.8702100708065,-118.32941670267864
260310\input\Service_202605291521_normalized_geocoded.csv,"Los Angeles, CA",6,90505,los_angeles_ca_r01,1,Region 1,0.25,33.81292379450873,-118.3517805226348
260310\input\Service_202605291521_normalized_geocoded.csv,"Los Angeles, CA",6,90710,los_angeles_ca_r01,1,Region 1,0.14,33.7982860948715,-118.29770147541772
260310\input\Service_202605291521_normalized_geocoded.csv,"Los Angeles, CA",6,90717,los_angeles_ca_r01,1,Region 1,0.16,33.79143768200962,-118.31662834050806
260310\input\Service_202605291521_normalized_geocoded.csv,"Los Angeles, CA",6,90731,los_angeles_ca_r01,1,Region 1,0.12,33.738343316458426,-118.29439951806184
260310\input\Service_202605291521_normalized_geocoded.csv,"Los Angeles, CA",6,90732,los_angeles_ca_r01,1,Region 1,0.12,33.742745984268,-118.31336338461928
260310\input\Service_202605291521_normalized_geocoded.csv,"Los Angeles, CA",6,90744,los_angeles_ca_r01,1,Region 1,0.21,33.78777722142827,-118.26386823328522
260310\input\Service_202605291521_normalized_geocoded.csv,"Los Angeles, CA",6,90745,los_angeles_ca_r01,1,Region 1,0.19,33.82317186377827,-118.26770290568555
260310\input\Service_202605291521_normalized_geocoded.csv,"Los Angeles, CA",6,90746,los_angeles_ca_r01,1,Region 1,0.25,33.8599836778554,-118.25660117829788
260310\input\Service_202605291521_normalized_geocoded.csv,"Los Angeles, CA",6,90810,los_angeles_ca_r01,1,Region 1,0.05,33.820298921566334,-118.22137087543769
260310\input\Service_202605291521_normalized_geocoded.csv,"Los Angeles, CA",6,91001,los_angeles_ca_r01,1,Region 1,0.19,34.18910779842322,-118.13933252031796
260310\input\Service_202605291521_normalized_geocoded.csv,"Los Angeles, CA",6,91011,los_angeles_ca_r01,1,Region 1,0.04,34.2059714824805,-118.190441867051
260310\input\Service_202605291521_normalized_geocoded.csv,"Los Angeles, CA",6,91020,los_angeles_ca_r01,1,Region 1,0.05,34.213661203068,-118.233153288227
260310\input\Service_202605291521_normalized_geocoded.csv,"Los Angeles, CA",6,91030,los_angeles_ca_r01,1,Region 1,0.11,34.107581037855,-118.15865009917232
260310\input\Service_202605291521_normalized_geocoded.csv,"Los Angeles, CA",6,91042,los_angeles_ca_r01,1,Region 1,0.25,34.25874984291955,-118.2884351554396
260310\input\Service_202605291521_normalized_geocoded.csv,"Los Angeles, CA",6,91101,los_angeles_ca_r01,1,Region 1,0.07,34.145562405890246,-118.137516539486
260310\input\Service_202605291521_normalized_geocoded.csv,"Los Angeles, CA",6,91103,los_angeles_ca_r01,1,Region 1,0.14,34.16722664705175,-118.15894900498724
260310\input\Service_202605291521_normalized_geocoded.csv,"Los Angeles, CA",6,91104,los_angeles_ca_r01,1,Region 1,0.26,34.16810951053093,-118.11471120127912
260310\input\Service_202605291521_normalized_geocoded.csv,"Los Angeles, CA",6,91105,los_angeles_ca_r01,1,Region 1,0.09,34.1414758497092,-118.1686825441186
260310\input\Service_202605291521_normalized_geocoded.csv,"Los Angeles, CA",6,91106,los_angeles_ca_r01,1,Region 1,0.14,34.13772552798672,-118.12704816399943
260310\input\Service_202605291521_normalized_geocoded.csv,"Los Angeles, CA",6,91107,los_angeles_ca_r01,1,Region 1,0.19,34.15767985882604,-118.08229851022962
260310\input\Service_202605291521_normalized_geocoded.csv,"Los Angeles, CA",6,91108,los_angeles_ca_r01,1,Region 1,0.07,34.11761055768725,-118.1050274924165
260310\input\Service_202605291521_normalized_geocoded.csv,"Los Angeles, CA",6,91201,los_angeles_ca_r01,1,Region 1,0.11,34.17235628400675,-118.28913815603276
260310\input\Service_202605291521_normalized_geocoded.csv,"Los Angeles, CA",6,91202,los_angeles_ca_r01,1,Region 1,0.12,34.1658203653493,-118.2679447931152
260310\input\Service_202605291521_normalized_geocoded.csv,"Los Angeles, CA",6,91205,los_angeles_ca_r01,1,Region 1,0.12,34.13894746654433,-118.24365440908268
260310\input\Service_202605291521_normalized_geocoded.csv,"Los Angeles, CA",6,91206,los_angeles_ca_r01,1,Region 1,0.12,34.15957432966034,-118.22890882379232
260310\input\Service_202605291521_normalized_geocoded.csv,"Los Angeles, CA",6,91207,los_angeles_ca_r01,1,Region 1,0.04,34.163158610118,-118.247969935128
260310\input\Service_202605291521_normalized_geocoded.csv,"Los Angeles, CA",6,91208,los_angeles_ca_r01,1,Region 1,0.19,34.1940222812827,-118.2315541862771
260310\input\Service_202605291521_normalized_geocoded.csv,"Los Angeles, CA",6,91214,los_angeles_ca_r01,1,Region 1,0.28,34.23100660619944,-118.24926175103847
260310\input\Service_202605291521_normalized_geocoded.csv,"Los Angeles, CA",6,91423,los_angeles_ca_r01,1,Region 1,0.14,34.1481167245725,-118.43275780203184
260310\input\Service_202605291521_normalized_geocoded.csv,"Los Angeles, CA",6,91501,los_angeles_ca_r01,1,Region 1,0.11,34.1854703889625,-118.29968730309032
260310\input\Service_202605291521_normalized_geocoded.csv,"Los Angeles, CA",6,91502,los_angeles_ca_r01,1,Region 1,0.04,34.178323326550995,-118.30179860179352
260310\input\Service_202605291521_normalized_geocoded.csv,"Los Angeles, CA",6,91504,los_angeles_ca_r01,1,Region 1,0.07,34.20533387305975,-118.33833856813774
260310\input\Service_202605291521_normalized_geocoded.csv,"Los Angeles, CA",6,91505,los_angeles_ca_r01,1,Region 1,0.19,34.16934020144061,-118.34871315918738
260310\input\Service_202605291521_normalized_geocoded.csv,"Los Angeles, CA",6,91506,los_angeles_ca_r01,1,Region 1,0.11,34.168610701790904,-118.32062870482868
260310\input\Service_202605291521_normalized_geocoded.csv,"Los Angeles, CA",6,91601,los_angeles_ca_r01,1,Region 1,0.16,34.16754843482243,-118.37180484766527
260310\input\Service_202605291521_normalized_geocoded.csv,"Los Angeles, CA",6,91602,los_angeles_ca_r01,1,Region 1,0.11,34.151613062168,-118.367262896416
260310\input\Service_202605291521_normalized_geocoded.csv,"Los Angeles, CA",6,91604,los_angeles_ca_r01,1,Region 1,0.3,34.140415456299465,-118.39593869701817
260310\input\Service_202605291521_normalized_geocoded.csv,"Los Angeles, CA",6,91606,los_angeles_ca_r01,1,Region 1,0.19,34.1851893726965,-118.3848131404477
260310\input\Service_202605291521_normalized_geocoded.csv,"Los Angeles, CA",6,91607,los_angeles_ca_r01,1,Region 1,0.18,34.1698816982491,-118.4001826382713
260310\input\Service_202605291521_normalized_geocoded.csv,"Los Angeles, CA",6,91754,los_angeles_ca_r01,1,Region 1,0.11,34.049333862343,-118.13650490664652
260310\input\Service_202605291521_normalized_geocoded.csv,"Los Angeles, CA",6,91755,los_angeles_ca_r01,1,Region 1,0.07,34.05278704432166,-118.11602179999116
260310\input\Service_202605291521_normalized_geocoded.csv,"Los Angeles, CA",6,91801,los_angeles_ca_r01,1,Region 1,0.14,34.09181174416186,-118.13639464485234
260310\input\Service_202605291521_normalized_geocoded.csv,"Los Angeles, CA",6,91803,los_angeles_ca_r01,1,Region 1,0.07,34.07106240122375,-118.1568147688485
260310\input\Service_202605291521_normalized_geocoded.csv,"Los Angeles, CA",6,92028,los_angeles_ca_r02,2,Region 2,0.33,33.35840443628352,-117.21913793658668
260310\input\Service_202605291521_normalized_geocoded.csv,"Los Angeles, CA",6,92223,los_angeles_ca_r02,2,Region 2,0.65,33.94354078066564,-116.9890847204566
260310\input\Service_202605291521_normalized_geocoded.csv,"Los Angeles, CA",6,92320,los_angeles_ca_r02,2,Region 2,0.07,33.99458975823,-117.04301616805868
260310\input\Service_202605291521_normalized_geocoded.csv,"Los Angeles, CA",6,92399,los_angeles_ca_r02,2,Region 2,0.39,34.03235123042533,-117.05906086944734
260310\input\Service_202605291521_normalized_geocoded.csv,"Los Angeles, CA",6,92530,los_angeles_ca_r02,2,Region 2,0.44,33.67892822484241,-117.3701728218968
260310\input\Service_202605291521_normalized_geocoded.csv,"Los Angeles, CA",6,92532,los_angeles_ca_r02,2,Region 2,0.19,33.6754328020309,-117.26251447798106
260310\input\Service_202605291521_normalized_geocoded.csv,"Los Angeles, CA",6,92543,los_angeles_ca_r02,2,Region 2,0.19,33.72143253310661,-116.96918748594678
260310\input\Service_202605291521_normalized_geocoded.csv,"Los Angeles, CA",6,92544,los_angeles_ca_r02,2,Region 2,0.16,33.750158747732186,-116.91734821727232
260310\input\Service_202605291521_normalized_geocoded.csv,"Los Angeles, CA",6,92545,los_angeles_ca_r02,2,Region 2,0.12,33.734774768323256,-117.02490703490808
260310\input\Service_202605291521_normalized_geocoded.csv,"Los Angeles, CA",6,92548,los_angeles_ca_r02,2,Region 2,0.07,33.75045329164875,-117.11394018881
260310\input\Service_202605291521_normalized_geocoded.csv,"Los Angeles, CA",6,92551,los_angeles_ca_r02,2,Region 2,0.09,33.8882464699968,-117.22047916775742
260310\input\Service_202605291521_normalized_geocoded.csv,"Los Angeles, CA",6,92553,los_angeles_ca_r02,2,Region 2,0.19,33.92482873425,-117.23620651344125
260310\input\Service_202605291521_normalized_geocoded.csv,"Los Angeles, CA",6,92555,los_angeles_ca_r02,2,Region 2,0.3,33.91199012322357,-117.1863709338735
260310\input\Service_202605291521_normalized_geocoded.csv,"Los Angeles, CA",6,92562,los_angeles_ca_r02,2,Region 2,0.47,33.57721719307505,-117.21554795215904
260310\input\Service_202605291521_normalized_geocoded.csv,"Los Angeles, CA",6,92563,los_angeles_ca_r02,2,Region 2,0.51,33.56574307159049,-117.14833496972204
260310\input\Service_202605291521_normalized_geocoded.csv,"Los Angeles, CA",6,92567,los_angeles_ca_r02,2,Region 2,0.07,33.80630429910575,-117.14111469373876
260310\input\Service_202605291521_normalized_geocoded.csv,"Los Angeles, CA",6,92570,los_angeles_ca_r02,2,Region 2,0.11,33.8050477959653,-117.258233199512
260310\input\Service_202605291521_normalized_geocoded.csv,"Los Angeles, CA",6,92571,los_angeles_ca_r02,2,Region 2,0.25,33.81391814689535,-117.20882802867524
260310\input\Service_202605291521_normalized_geocoded.csv,"Los Angeles, CA",6,92582,los_angeles_ca_r02,2,Region 2,0.14,33.78793917099243,-117.00359048155283
260310\input\Service_202605291521_normalized_geocoded.csv,"Los Angeles, CA",6,92583,los_angeles_ca_r02,2,Region 2,0.16,33.776559753507,-116.95022013230168
260310\input\Service_202605291521_normalized_geocoded.csv,"Los Angeles, CA",6,92584,los_angeles_ca_r02,2,Region 2,0.63,33.67301668790337,-117.17505523164184
260310\input\Service_202605291521_normalized_geocoded.csv,"Los Angeles, CA",6,92585,los_angeles_ca_r02,2,Region 2,0.28,33.725779115014795,-117.16990537567771
260310\input\Service_202605291521_normalized_geocoded.csv,"Los Angeles, CA",6,92586,los_angeles_ca_r02,2,Region 2,0.12,33.703843821847,-117.20255720248085
260310\input\Service_202605291521_normalized_geocoded.csv,"Los Angeles, CA",6,92587,los_angeles_ca_r02,2,Region 2,0.14,33.68722395934207,-117.2513650731435
260310\input\Service_202605291521_normalized_geocoded.csv,"Los Angeles, CA",6,92590,los_angeles_ca_r02,2,Region 2,0.02,33.490350454723,-117.190016616969
260310\input\Service_202605291521_normalized_geocoded.csv,"Los Angeles, CA",6,92591,los_angeles_ca_r02,2,Region 2,0.25,33.534124976659655,-117.13526567986642
260310\input\Service_202605291521_normalized_geocoded.csv,"Los Angeles, CA",6,92592,los_angeles_ca_r02,2,Region 2,0.81,33.4852475082834,-117.08305440889932
260310\input\Service_202605291521_normalized_geocoded.csv,"Los Angeles, CA",6,92595,los_angeles_ca_r02,2,Region 2,0.21,33.6219958465594,-117.25606562222691
260310\input\Service_202605291521_normalized_geocoded.csv,"Los Angeles, CA",6,92596,los_angeles_ca_r02,2,Region 2,0.39,33.63653181710287,-117.10555589476292
260310\input\Service_202605291521_normalized_geocoded.csv,"Los Angeles, CA",6,90265,los_angeles_ca_r03,3,Region 3,0.07,34.03019861334575,-118.8047606374615
260310\input\Service_202605291521_normalized_geocoded.csv,"Los Angeles, CA",6,91040,los_angeles_ca_r03,3,Region 3,0.14,34.25829583177743,-118.33123208032914
260310\input\Service_202605291521_normalized_geocoded.csv,"Los Angeles, CA",6,91303,los_angeles_ca_r03,3,Region 3,0.16,34.19904421616664,-118.59988989784893
260310\input\Service_202605291521_normalized_geocoded.csv,"Los Angeles, CA",6,91304,los_angeles_ca_r03,3,Region 3,0.33,34.218281591649465,-118.61721780521285
260310\input\Service_202605291521_normalized_geocoded.csv,"Los Angeles, CA",6,91306,los_angeles_ca_r03,3,Region 3,0.25,34.20842582942042,-118.57750368516294
260310\input\Service_202605291521_normalized_geocoded.csv,"Los Angeles, CA",6,91307,los_angeles_ca_r03,3,Region 3,0.23,34.194608867087815,-118.63587172868172
260310\input\Service_202605291521_normalized_geocoded.csv,"Los Angeles, CA",6,91311,los_angeles_ca_r03,3,Region 3,0.3,34.2584165291643,-118.59414260714053
260310\input\Service_202605291521_normalized_geocoded.csv,"Los Angeles, CA",6,91316,los_angeles_ca_r03,3,Region 3,0.16,34.16643030400606,-118.51604257070136
260310\input\Service_202605291521_normalized_geocoded.csv,"Los Angeles, CA",6,91324,los_angeles_ca_r03,3,Region 3,0.12,34.2369568052854,-118.54739725348011
260310\input\Service_202605291521_normalized_geocoded.csv,"Los Angeles, CA",6,91325,los_angeles_ca_r03,3,Region 3,0.18,34.245935669084,-118.51894569528196
260310\input\Service_202605291521_normalized_geocoded.csv,"Los Angeles, CA",6,91326,los_angeles_ca_r03,3,Region 3,0.28,34.2786256679991,-118.55495908838355
260310\input\Service_202605291521_normalized_geocoded.csv,"Los Angeles, CA",6,91331,los_angeles_ca_r03,3,Region 3,0.26,34.255679715175695,-118.4251965869272
260310\input\Service_202605291521_normalized_geocoded.csv,"Los Angeles, CA",6,91335,los_angeles_ca_r03,3,Region 3,0.32,34.19379046646911,-118.54757677521638
260310\input\Service_202605291521_normalized_geocoded.csv,"Los Angeles, CA",6,91340,los_angeles_ca_r03,3,Region 3,0.04,34.28383180364,-118.4481501024125
260310\input\Service_202605291521_normalized_geocoded.csv,"Los Angeles, CA",6,91342,los_angeles_ca_r03,3,Region 3,0.35,34.30630707427693,-118.4349379530168
260310\input\Service_202605291521_normalized_geocoded.csv,"Los Angeles, CA",6,91343,los_angeles_ca_r03,3,Region 3,0.25,34.23946364983523,-118.47948394228962
260310\input\Service_202605291521_normalized_geocoded.csv,"Los Angeles, CA",6,91344,los_angeles_ca_r03,3,Region 3,0.46,34.27869665209166,-118.50184865815544
260310\input\Service_202605291521_normalized_geocoded.csv,"Los Angeles, CA",6,91345,los_angeles_ca_r03,3,Region 3,0.09,34.2619694375644,-118.464900507341
260310\input\Service_202605291521_normalized_geocoded.csv,"Los Angeles, CA",6,91352,los_angeles_ca_r03,3,Region 3,0.18,34.22909811989689,-118.37178619776094
260310\input\Service_202605291521_normalized_geocoded.csv,"Los Angeles, CA",6,91356,los_angeles_ca_r03,3,Region 3,0.23,34.16680697942699,-118.54870482689114
260310\input\Service_202605291521_normalized_geocoded.csv,"Los Angeles, CA",6,91360,los_angeles_ca_r03,3,Region 3,0.26,34.21761464832754,-118.8694861954298
260310\input\Service_202605291521_normalized_geocoded.csv,"Los Angeles, CA",6,91362,los_angeles_ca_r03,3,Region 3,0.23,34.20688881459069,-118.83860035021024
260310\input\Service_202605291521_normalized_geocoded.csv,"Los Angeles, CA",6,91364,los_angeles_ca_r03,3,Region 3,0.12,34.15917661625129,-118.59593715888514
260310\input\Service_202605291521_normalized_geocoded.csv,"Los Angeles, CA",6,91367,los_angeles_ca_r03,3,Region 3,0.32,34.174226090926346,-118.61883253594536
260310\input\Service_202605291521_normalized_geocoded.csv,"Los Angeles, CA",6,91377,los_angeles_ca_r03,3,Region 3,0.12,34.18003715075128,-118.76443258701242
260310\input\Service_202605291521_normalized_geocoded.csv,"Los Angeles, CA",6,91381,los_angeles_ca_r03,3,Region 3,0.05,34.39439597364233,-118.582817355217
260310\input\Service_202605291521_normalized_geocoded.csv,"Los Angeles, CA",6,91401,los_angeles_ca_r03,3,Region 3,0.07,34.1834121935285,-118.42931124859275
260310\input\Service_202605291521_normalized_geocoded.csv,"Los Angeles, CA",6,91402,los_angeles_ca_r03,3,Region 3,0.21,34.23398485224691,-118.44283464172408
260310\input\Service_202605291521_normalized_geocoded.csv,"Los Angeles, CA",6,91403,los_angeles_ca_r03,3,Region 3,0.07,34.1556958908425,-118.45648278662424
260310\input\Service_202605291521_normalized_geocoded.csv,"Los Angeles, CA",6,91405,los_angeles_ca_r03,3,Region 3,0.23,34.20048465145079,-118.44143928148434
260310\input\Service_202605291521_normalized_geocoded.csv,"Los Angeles, CA",6,91406,los_angeles_ca_r03,3,Region 3,0.26,34.19767335186642,-118.49421807669484
260310\input\Service_202605291521_normalized_geocoded.csv,"Los Angeles, CA",6,91411,los_angeles_ca_r03,3,Region 3,0.05,34.17529360560733,-118.458143183137
260310\input\Service_202605291521_normalized_geocoded.csv,"Los Angeles, CA",6,91436,los_angeles_ca_r03,3,Region 3,0.14,34.152197049450336,-118.48061510918292
260310\input\Service_202605291521_normalized_geocoded.csv,"Los Angeles, CA",6,91605,los_angeles_ca_r03,3,Region 3,0.09,34.2133318602794,-118.4030200937206
260310\input\Service_202605291521_normalized_geocoded.csv,"Los Angeles, CA",6,93015,los_angeles_ca_r03,3,Region 3,0.14,34.39766424429583,-118.91486730989368
260310\input\Service_202605291521_normalized_geocoded.csv,"Los Angeles, CA",6,93021,los_angeles_ca_r03,3,Region 3,0.54,34.27992066243411,-118.87828103010428
260310\input\Service_202605291521_normalized_geocoded.csv,"Los Angeles, CA",6,93023,los_angeles_ca_r03,3,Region 3,0.02,34.4601506587,-119.234241468767
260310\input\Service_202605291521_normalized_geocoded.csv,"Los Angeles, CA",6,93060,los_angeles_ca_r03,3,Region 3,0.12,34.35866773714543,-119.07865983887756
260310\input\Service_202605291521_normalized_geocoded.csv,"Los Angeles, CA",6,93063,los_angeles_ca_r03,3,Region 3,0.44,34.27757906925539,-118.68626362459857
260310\input\Service_202605291521_normalized_geocoded.csv,"Los Angeles, CA",6,93065,los_angeles_ca_r03,3,Region 3,0.61,34.2656015607243,-118.7633742198356
260310\input\Service_202605291521_normalized_geocoded.csv,"Los Angeles, CA",6,91701,los_angeles_ca_r04,4,Region 4,0.37,34.13422769114368,-117.5948823765557
260310\input\Service_202605291521_normalized_geocoded.csv,"Los Angeles, CA",6,91708,los_angeles_ca_r04,4,Region 4,0.26,33.96404164046718,-117.62510838595354
260310\input\Service_202605291521_normalized_geocoded.csv,"Los Angeles, CA",6,91709,los_angeles_ca_r04,4,Region 4,0.46,33.97580039426748,-117.72749908313622
260310\input\Service_202605291521_normalized_geocoded.csv,"Los Angeles, CA",6,91710,los_angeles_ca_r04,4,Region 4,0.4,34.01569414193548,-117.68144295709388
260310\input\Service_202605291521_normalized_geocoded.csv,"Los Angeles, CA",6,91711,los_angeles_ca_r04,4,Region 4,0.14,34.10706244628985,-117.71953504845494
260310\input\Service_202605291521_normalized_geocoded.csv,"Los Angeles, CA",6,91730,los_angeles_ca_r04,4,Region 4,0.33,34.107397122415165,-117.57271205603313
260310\input\Service_202605291521_normalized_geocoded.csv,"Los Angeles, CA",6,91737,los_angeles_ca_r04,4,Region 4,0.09,34.150290572208,-117.586499785926
260310\input\Service_202605291521_normalized_geocoded.csv,"Los Angeles, CA",6,91739,los_angeles_ca_r04,4,Region 4,0.44,34.134042034918814,-117.52416951847094
260310\input\Service_202605291521_normalized_geocoded.csv,"Los Angeles, CA",6,91750,los_angeles_ca_r04,4,Region 4,0.18,34.114829696974,-117.76932947695056
260310\input\Service_202605291521_normalized_geocoded.csv,"Los Angeles, CA",6,91752,los_angeles_ca_r04,4,Region 4,0.12,33.97303396903271,-117.54408809705872
260310\input\Service_202605291521_normalized_geocoded.csv,"Los Angeles, CA",6,91761,los_angeles_ca_r04,4,Region 4,0.33,34.02233288486303,-117.6113911555894
260310\input\Service_202605291521_normalized_geocoded.csv,"Los Angeles, CA",6,91762,los_angeles_ca_r04,4,Region 4,0.16,34.031314740665564,-117.63221444364464
260310\input\Service_202605291521_normalized_geocoded.csv,"Los Angeles, CA",6,91763,los_angeles_ca_r04,4,Region 4,0.12,34.07712331654067,-117.6946358358485
260310\input\Service_202605291521_normalized_geocoded.csv,"Los Angeles, CA",6,91764,los_angeles_ca_r04,4,Region 4,0.6,34.076029366811625,-117.6041596137648
260310\input\Service_202605291521_normalized_geocoded.csv,"Los Angeles, CA",6,91766,los_angeles_ca_r04,4,Region 4,0.09,34.0353058477614,-117.7449400519754
260310\input\Service_202605291521_normalized_geocoded.csv,"Los Angeles, CA",6,91767,los_angeles_ca_r04,4,Region 4,0.19,34.08536916967144,-117.74102852315288
260310\input\Service_202605291521_normalized_geocoded.csv,"Los Angeles, CA",6,91784,los_angeles_ca_r04,4,Region 4,0.26,34.135813517848135,-117.65984700242883
260310\input\Service_202605291521_normalized_geocoded.csv,"Los Angeles, CA",6,91786,los_angeles_ca_r04,4,Region 4,0.46,34.10317914680277,-117.65562216470094
260310\input\Service_202605291521_normalized_geocoded.csv,"Los Angeles, CA",6,92313,los_angeles_ca_r04,4,Region 4,0.11,34.02994653722567,-117.31224997289016
260310\input\Service_202605291521_normalized_geocoded.csv,"Los Angeles, CA",6,92316,los_angeles_ca_r04,4,Region 4,0.11,34.067442267551336,-117.40235675183231
260310\input\Service_202605291521_normalized_geocoded.csv,"Los Angeles, CA",6,92324,los_angeles_ca_r04,4,Region 4,0.16,34.06399106867306,-117.3222146969125
260310\input\Service_202605291521_normalized_geocoded.csv,"Los Angeles, CA",6,92325,los_angeles_ca_r04,4,Region 4,0.05,34.23959663537567,-117.286223523546
260310\input\Service_202605291521_normalized_geocoded.csv,"Los Angeles, CA",6,92335,los_angeles_ca_r04,4,Region 4,0.37,34.0905624804234,-117.44758036582974
260310\input\Service_202605291521_normalized_geocoded.csv,"Los Angeles, CA",6,92336,los_angeles_ca_r04,4,Region 4,0.75,34.13675577564895,-117.46586464031694
260310\input\Service_202605291521_normalized_geocoded.csv,"Los Angeles, CA",6,92337,los_angeles_ca_r04,4,Region 4,0.28,34.04337078635307,-117.47649016475792
260310\input\Service_202605291521_normalized_geocoded.csv,"Los Angeles, CA",6,92346,los_angeles_ca_r04,4,Region 4,0.28,34.12394964969946,-117.1910174674192
260310\input\Service_202605291521_normalized_geocoded.csv,"Los Angeles, CA",6,92354,los_angeles_ca_r04,4,Region 4,0.11,34.04762656411488,-117.24461619882877
260310\input\Service_202605291521_normalized_geocoded.csv,"Los Angeles, CA",6,92359,los_angeles_ca_r04,4,Region 4,0.05,34.068666182571,-117.11870811386568
260310\input\Service_202605291521_normalized_geocoded.csv,"Los Angeles, CA",6,92373,los_angeles_ca_r04,4,Region 4,0.18,34.0405795136275,-117.18041515016064
260310\input\Service_202605291521_normalized_geocoded.csv,"Los Angeles, CA",6,92374,los_angeles_ca_r04,4,Region 4,0.28,34.06717854068723,-117.1646848576845
260310\input\Service_202605291521_normalized_geocoded.csv,"Los Angeles, CA",6,92376,los_angeles_ca_r04,4,Region 4,0.25,34.112812310526046,-117.37802155327203
260310\input\Service_202605291521_normalized_geocoded.csv,"Los Angeles, CA",6,92377,los_angeles_ca_r04,4,Region 4,0.21,34.15111822332184,-117.39503086729522
260310\input\Service_202605291521_normalized_geocoded.csv,"Los Angeles, CA",6,92378,los_angeles_ca_r04,4,Region 4,0.02,34.23226317108,-117.221184759928
260310\input\Service_202605291521_normalized_geocoded.csv,"Los Angeles, CA",6,92404,los_angeles_ca_r04,4,Region 4,0.18,34.143792902707666,-117.2654357006445
260310\input\Service_202605291521_normalized_geocoded.csv,"Los Angeles, CA",6,92405,los_angeles_ca_r04,4,Region 4,0.07,34.14203501703575,-117.29830446204924
260310\input\Service_202605291521_normalized_geocoded.csv,"Los Angeles, CA",6,92407,los_angeles_ca_r04,4,Region 4,0.47,34.17585358509789,-117.3352129384198
260310\input\Service_202605291521_normalized_geocoded.csv,"Los Angeles, CA",6,92408,los_angeles_ca_r04,4,Region 4,0.04,34.085033655581995,-117.269226584622
260310\input\Service_202605291521_normalized_geocoded.csv,"Los Angeles, CA",6,92410,los_angeles_ca_r04,4,Region 4,0.05,34.085940472705666,-117.33233098910432
260310\input\Service_202605291521_normalized_geocoded.csv,"Los Angeles, CA",6,92411,los_angeles_ca_r04,4,Region 4,0.14,34.1229660392395,-117.3192274621465
260310\input\Service_202605291521_normalized_geocoded.csv,"Los Angeles, CA",6,92501,los_angeles_ca_r04,4,Region 4,0.05,33.99214560059,-117.37500369163368
260310\input\Service_202605291521_normalized_geocoded.csv,"Los Angeles, CA",6,92503,los_angeles_ca_r04,4,Region 4,0.54,33.90350232322481,-117.45854342480888
260310\input\Service_202605291521_normalized_geocoded.csv,"Los Angeles, CA",6,92504,los_angeles_ca_r04,4,Region 4,0.35,33.93033775553389,-117.40792559905556
260310\input\Service_202605291521_normalized_geocoded.csv,"Los Angeles, CA",6,92505,los_angeles_ca_r04,4,Region 4,0.19,33.91841333201544,-117.49095014901744
260310\input\Service_202605291521_normalized_geocoded.csv,"Los Angeles, CA",6,92506,los_angeles_ca_r04,4,Region 4,0.25,33.937039425261666,-117.36333941784204
260310\input\Service_202605291521_normalized_geocoded.csv,"Los Angeles, CA",6,92507,los_angeles_ca_r04,4,Region 4,0.16,33.989445507195626,-117.30765400770788
260310\input\Service_202605291521_normalized_geocoded.csv,"Los Angeles, CA",6,92508,los_angeles_ca_r04,4,Region 4,0.18,33.8903469972025,-117.3240597697245
260310\input\Service_202605291521_normalized_geocoded.csv,"Los Angeles, CA",6,92509,los_angeles_ca_r04,4,Region 4,0.33,34.003830066952155,-117.4438476546859
260310\input\Service_202605291521_normalized_geocoded.csv,"Los Angeles, CA",6,92557,los_angeles_ca_r04,4,Region 4,0.3,33.96840301557298,-117.24792111677594
260310\input\Service_202605291521_normalized_geocoded.csv,"Los Angeles, CA",6,92860,los_angeles_ca_r04,4,Region 4,0.18,33.918172414406875,-117.5594141779618
260310\input\Service_202605291521_normalized_geocoded.csv,"Los Angeles, CA",6,92878,los_angeles_ca_r04,4,Region 4,0.07,33.89670724168375,-117.60165002971353
260310\input\Service_202605291521_normalized_geocoded.csv,"Los Angeles, CA",6,92879,los_angeles_ca_r04,4,Region 4,0.23,33.87957128083633,-117.54107897164766
260310\input\Service_202605291521_normalized_geocoded.csv,"Los Angeles, CA",6,92880,los_angeles_ca_r04,4,Region 4,0.53,33.9635890978317,-117.58615195289497
260310\input\Service_202605291521_normalized_geocoded.csv,"Los Angeles, CA",6,92881,los_angeles_ca_r04,4,Region 4,0.14,33.83875687927,-117.55868330768676
260310\input\Service_202605291521_normalized_geocoded.csv,"Los Angeles, CA",6,92882,los_angeles_ca_r04,4,Region 4,0.23,33.85752531702525,-117.58939337442756
260310\input\Service_202605291521_normalized_geocoded.csv,"Los Angeles, CA",6,92602,los_angeles_ca_r05,5,Region 5,0.19,33.7371165957765,-117.76205966343876
260310\input\Service_202605291521_normalized_geocoded.csv,"Los Angeles, CA",6,92603,los_angeles_ca_r05,5,Region 5,0.05,33.640663371593,-117.80635682225432
260310\input\Service_202605291521_normalized_geocoded.csv,"Los Angeles, CA",6,92604,los_angeles_ca_r05,5,Region 5,0.25,33.68816121852722,-117.78740573102704
260310\input\Service_202605291521_normalized_geocoded.csv,"Los Angeles, CA",6,92606,los_angeles_ca_r05,5,Region 5,0.14,33.696918549147625,-117.80456616024162
260310\input\Service_202605291521_normalized_geocoded.csv,"Los Angeles, CA",6,92610,los_angeles_ca_r05,5,Region 5,0.07,33.68714723319133,-117.66595437871582
260310\input\Service_202605291521_normalized_geocoded.csv,"Los Angeles, CA",6,92612,los_angeles_ca_r05,5,Region 5,0.09,33.684578649429994,-117.82275328808625
260310\input\Service_202605291521_normalized_geocoded.csv,"Los Angeles, CA",6,92614,los_angeles_ca_r05,5,Region 5,0.19,33.67475931045389,-117.81635269824328
260310\input\Service_202605291521_normalized_geocoded.csv,"Los Angeles, CA",6,92617,los_angeles_ca_r05,5,Region 5,0.02,33.6418199,-117.8403889
260310\input\Service_202605291521_normalized_geocoded.csv,"Los Angeles, CA",6,92618,los_angeles_ca_r05,5,Region 5,0.4,33.68488403901974,-117.7326708784576
260310\input\Service_202605291521_normalized_geocoded.csv,"Los Angeles, CA",6,92620,los_angeles_ca_r05,5,Region 5,0.53,33.70896587830698,-117.75460983648117
260310\input\Service_202605291521_normalized_geocoded.csv,"Los Angeles, CA",6,92624,los_angeles_ca_r05,5,Region 5,0.07,33.45857061397817,-117.66433693049449
260310\input\Service_202605291521_normalized_geocoded.csv,"Los Angeles, CA",6,92625,los_angeles_ca_r05,5,Region 5,0.07,33.60326812870767,-117.867273607921
260310\input\Service_202605291521_normalized_geocoded.csv,"Los Angeles, CA",6,92626,los_angeles_ca_r05,5,Region 5,0.23,33.68076768096038,-117.91426792968169
260310\input\Service_202605291521_normalized_geocoded.csv,"Los Angeles, CA",6,92627,los_angeles_ca_r05,5,Region 5,0.12,33.64796342612343,-117.915911437436
260310\input\Service_202605291521_normalized_geocoded.csv,"Los Angeles, CA",6,92629,los_angeles_ca_r05,5,Region 5,0.18,33.479268252413725,-117.70522147529915
260310\input\Service_202605291521_normalized_geocoded.csv,"Los Angeles, CA",6,92630,los_angeles_ca_r05,5,Region 5,0.44,33.64769215814234,-117.68995497590358
260310\input\Service_202605291521_normalized_geocoded.csv,"Los Angeles, CA",6,92637,los_angeles_ca_r05,5,Region 5,0.11,33.6074717744425,-117.72591371540068
260310\input\Service_202605291521_normalized_geocoded.csv,"Los Angeles, CA",6,92646,los_angeles_ca_r05,5,Region 5,0.35,33.670494415709,-117.9646446064358
260310\input\Service_202605291521_normalized_geocoded.csv,"Los Angeles, CA",6,92648,los_angeles_ca_r05,5,Region 5,0.19,33.68369026257521,-118.00443002186336
260310\input\Service_202605291521_normalized_geocoded.csv,"Los Angeles, CA",6,92651,los_angeles_ca_r05,5,Region 5,0.23,33.550810520542925,-117.77365998897392
260310\input\Service_202605291521_normalized_geocoded.csv,"Los Angeles, CA",6,92653,los_angeles_ca_r05,5,Region 5,0.18,33.589494686362215,-117.69355439562628
260310\input\Service_202605291521_normalized_geocoded.csv,"Los Angeles, CA",6,92656,los_angeles_ca_r05,5,Region 5,0.6,33.57995777167263,-117.72470683341308
260310\input\Service_202605291521_normalized_geocoded.csv,"Los Angeles, CA",6,92657,los_angeles_ca_r05,5,Region 5,0.05,33.5977716108185,-117.82460630969824
260310\input\Service_202605291521_normalized_geocoded.csv,"Los Angeles, CA",6,92660,los_angeles_ca_r05,5,Region 5,0.25,33.63198767074584,-117.88398250200778
260310\input\Service_202605291521_normalized_geocoded.csv,"Los Angeles, CA",6,92663,los_angeles_ca_r05,5,Region 5,0.09,33.619337436585205,-117.9356675153346
260310\input\Service_202605291521_normalized_geocoded.csv,"Los Angeles, CA",6,92673,los_angeles_ca_r05,5,Region 5,0.28,33.46940530396243,-117.6126986532192
260310\input\Service_202605291521_normalized_geocoded.csv,"Los Angeles, CA",6,92675,los_angeles_ca_r05,5,Region 5,0.3,33.49121461596946,-117.66062799436452
260310\input\Service_202605291521_normalized_geocoded.csv,"Los Angeles, CA",6,92676,los_angeles_ca_r05,5,Region 5,0.02,33.746008683899,-117.606750905682
260310\input\Service_202605291521_normalized_geocoded.csv,"Los Angeles, CA",6,92677,los_angeles_ca_r05,5,Region 5,0.89,33.53145022105884,-117.70672992156932
260310\input\Service_202605291521_normalized_geocoded.csv,"Los Angeles, CA",6,92679,los_angeles_ca_r05,5,Region 5,0.21,33.64426768407965,-117.5909569928026
260310\input\Service_202605291521_normalized_geocoded.csv,"Los Angeles, CA",6,92688,los_angeles_ca_r05,5,Region 5,0.46,33.62994160919427,-117.60862428145944
260310\input\Service_202605291521_normalized_geocoded.csv,"Los Angeles, CA",6,92691,los_angeles_ca_r05,5,Region 5,0.39,33.61828464010477,-117.6643360247432
260310\input\Service_202605291521_normalized_geocoded.csv,"Los Angeles, CA",6,92692,los_angeles_ca_r05,5,Region 5,0.74,33.61826550846425,-117.64059486148764
260310\input\Service_202605291521_normalized_geocoded.csv,"Los Angeles, CA",6,92694,los_angeles_ca_r05,5,Region 5,0.37,33.5481775098052,-117.63424569758452
260310\input\Service_202605291521_normalized_geocoded.csv,"Los Angeles, CA",6,92701,los_angeles_ca_r05,5,Region 5,0.07,33.75075014846525,-117.85785103013224
260310\input\Service_202605291521_normalized_geocoded.csv,"Los Angeles, CA",6,92703,los_angeles_ca_r05,5,Region 5,0.14,33.74681552899711,-117.90107035526955
260310\input\Service_202605291521_normalized_geocoded.csv,"Los Angeles, CA",6,92704,los_angeles_ca_r05,5,Region 5,0.28,33.721007495211374,-117.90129410660936
260310\input\Service_202605291521_normalized_geocoded.csv,"Los Angeles, CA",6,92705,los_angeles_ca_r05,5,Region 5,0.12,33.76683416788525,-117.79471000156576
260310\input\Service_202605291521_normalized_geocoded.csv,"Los Angeles, CA",6,92706,los_angeles_ca_r05,5,Region 5,0.18,33.764465904869,-117.87937368550122
260310\input\Service_202605291521_normalized_geocoded.csv,"Los Angeles, CA",6,92707,los_angeles_ca_r05,5,Region 5,0.16,33.71372157954078,-117.87425344460026
260310\input\Service_202605291521_normalized_geocoded.csv,"Los Angeles, CA",6,92708,los_angeles_ca_r05,5,Region 5,0.33,33.70680736402211,-117.95778993014952
260310\input\Service_202605291521_normalized_geocoded.csv,"Los Angeles, CA",6,92780,los_angeles_ca_r05,5,Region 5,0.19,33.75349814805664,-117.829226768162
260310\input\Service_202605291521_normalized_geocoded.csv,"Los Angeles, CA",6,92782,los_angeles_ca_r05,5,Region 5,0.25,33.735683115540084,-117.78874186609796
260310\input\Service_202605291521_normalized_geocoded.csv,"Los Angeles, CA",6,92808,los_angeles_ca_r05,5,Region 5,0.09,33.86053715515099,-117.7363371758592
260310\input\Service_202605291521_normalized_geocoded.csv,"Los Angeles, CA",6,92809,los_angeles_ca_r05,5,Region 5,0.02,33.6429136,-117.8099119
260310\input\Service_202605291521_normalized_geocoded.csv,"Los Angeles, CA",6,92866,los_angeles_ca_r05,5,Region 5,0.02,33.785565251679,-117.837836964983
260310\input\Service_202605291521_normalized_geocoded.csv,"Los Angeles, CA",6,92867,los_angeles_ca_r05,5,Region 5,0.18,33.81797870461817,-117.806333689538
260310\input\Service_202605291521_normalized_geocoded.csv,"Los Angeles, CA",6,92868,los_angeles_ca_r05,5,Region 5,0.05,33.783056929144664,-117.87282093124502
260310\input\Service_202605291521_normalized_geocoded.csv,"Los Angeles, CA",6,92869,los_angeles_ca_r05,5,Region 5,0.26,33.78846042322246,-117.80452497108404
260310\input\Service_202605291521_normalized_geocoded.csv,"Los Angeles, CA",6,92883,los_angeles_ca_r05,5,Region 5,0.33,33.77026204274982,-117.4812578642481
260310\input\Service_202605291521_normalized_geocoded.csv,"Los Angeles, CA",6,90240,los_angeles_ca_r06,6,Region 6,0.25,33.960612453165645,-118.12389361531366
260310\input\Service_202605291521_normalized_geocoded.csv,"Los Angeles, CA",6,90241,los_angeles_ca_r06,6,Region 6,0.23,33.94037331766871,-118.13306350762042
260310\input\Service_202605291521_normalized_geocoded.csv,"Los Angeles, CA",6,90242,los_angeles_ca_r06,6,Region 6,0.11,33.9200359945095,-118.13971481693648
260310\input\Service_202605291521_normalized_geocoded.csv,"Los Angeles, CA",6,90601,los_angeles_ca_r06,6,Region 6,0.09,34.0080881360324,-118.0375085493684
260310\input\Service_202605291521_normalized_geocoded.csv,"Los Angeles, CA",6,90602,los_angeles_ca_r06,6,Region 6,0.04,33.974288951319494,-118.0214532818745
260310\input\Service_202605291521_normalized_geocoded.csv,"Los Angeles, CA",6,90603,los_angeles_ca_r06,6,Region 6,0.11,33.9392392620836,-117.9819472872122
260310\input\Service_202605291521_normalized_geocoded.csv,"Los Angeles, CA",6,90604,los_angeles_ca_r06,6,Region 6,0.11,33.9365441395818,-118.0082396000357
260310\input\Service_202605291521_normalized_geocoded.csv,"Los Angeles, CA",6,90605,los_angeles_ca_r06,6,Region 6,0.14,33.942451618603,-118.03525119391512
260310\input\Service_202605291521_normalized_geocoded.csv,"Los Angeles, CA",6,90606,los_angeles_ca_r06,6,Region 6,0.21,33.9792221932885,-118.067511675286
260310\input\Service_202605291521_normalized_geocoded.csv,"Los Angeles, CA",6,90620,los_angeles_ca_r06,6,Region 6,0.19,33.847201018625555,-118.01535486607294
260310\input\Service_202605291521_normalized_geocoded.csv,"Los Angeles, CA",6,90621,los_angeles_ca_r06,6,Region 6,0.26,33.87604590830429,-117.99426473984296
260310\input\Service_202605291521_normalized_geocoded.csv,"Los Angeles, CA",6,90623,los_angeles_ca_r06,6,Region 6,0.18,33.8494694462126,-118.0410223158082
260310\input\Service_202605291521_normalized_geocoded.csv,"Los Angeles, CA",6,90630,los_angeles_ca_r06,6,Region 6,0.37,33.82243547552459,-118.04116732443411
260310\input\Service_202605291521_normalized_geocoded.csv,"Los Angeles, CA",6,90631,los_angeles_ca_r06,6,Region 6,0.39,33.93800785235414,-117.95874175405824
260310\input\Service_202605291521_normalized_geocoded.csv,"Los Angeles, CA",6,90638,los_angeles_ca_r06,6,Region 6,0.21,33.90649393796572,-118.0138854129532
260310\input\Service_202605291521_normalized_geocoded.csv,"Los Angeles, CA",6,90640,los_angeles_ca_r06,6,Region 6,0.23,34.01747333916954,-118.11170215494325
260310\input\Service_202605291521_normalized_geocoded.csv,"Los Angeles, CA",6,90650,los_angeles_ca_r06,6,Region 6,0.37,33.903550631926166,-118.08642479576008
260310\input\Service_202605291521_normalized_geocoded.csv,"Los Angeles, CA",6,90660,los_angeles_ca_r06,6,Region 6,0.37,33.99125039128291,-118.08955090383562
260310\input\Service_202605291521_normalized_geocoded.csv,"Los Angeles, CA",6,90670,los_angeles_ca_r06,6,Region 6,0.07,33.951850791089754,-118.08757737679576
260310\input\Service_202605291521_normalized_geocoded.csv,"Los Angeles, CA",6,90680,los_angeles_ca_r06,6,Region 6,0.04,33.804471868651,-118.00511891897948
260310\input\Service_202605291521_normalized_geocoded.csv,"Los Angeles, CA",6,90701,los_angeles_ca_r06,6,Region 6,0.02,33.877145654969,-118.086888901607
260310\input\Service_202605291521_normalized_geocoded.csv,"Los Angeles, CA",6,90703,los_angeles_ca_r06,6,Region 6,0.25,33.8627637784955,-118.06425281051884
260310\input\Service_202605291521_normalized_geocoded.csv,"Los Angeles, CA",6,90706,los_angeles_ca_r06,6,Region 6,0.16,33.89086607603078,-118.12775882182224
260310\input\Service_202605291521_normalized_geocoded.csv,"Los Angeles, CA",6,90712,los_angeles_ca_r06,6,Region 6,0.09,33.851672123145,-118.1436428652444
260310\input\Service_202605291521_normalized_geocoded.csv,"Los Angeles, CA",6,90713,los_angeles_ca_r06,6,Region 6,0.16,33.85175719674506,-118.1115998669885
260310\input\Service_202605291521_normalized_geocoded.csv,"Los Angeles, CA",6,90715,los_angeles_ca_r06,6,Region 6,0.16,33.84116164381922,-118.07795704776368
260310\input\Service_202605291521_normalized_geocoded.csv,"Los Angeles, CA",6,90716,los_angeles_ca_r06,6,Region 6,0.02,33.826588886244,-118.080156921247
260310\input\Service_202605291521_normalized_geocoded.csv,"Los Angeles, CA",6,90720,los_angeles_ca_r06,6,Region 6,0.12,33.79819315461058,-118.07653131581684
260310\input\Service_202605291521_normalized_geocoded.csv,"Los Angeles, CA",6,90723,los_angeles_ca_r06,6,Region 6,0.23,33.89782692897995,-118.167178717554
260310\input\Service_202605291521_normalized_geocoded.csv,"Los Angeles, CA",6,90740,los_angeles_ca_r06,6,Region 6,0.07,33.769007730043754,-118.07705190188052
260310\input\Service_202605291521_normalized_geocoded.csv,"Los Angeles, CA",6,90755,los_angeles_ca_r06,6,Region 6,0.02,33.803068829352,-118.170682231054
260310\input\Service_202605291521_normalized_geocoded.csv,"Los Angeles, CA",6,90802,los_angeles_ca_r06,6,Region 6,0.12,33.769487833366284,-118.17872764270928
260310\input\Service_202605291521_normalized_geocoded.csv,"Los Angeles, CA",6,90803,los_angeles_ca_r06,6,Region 6,0.25,33.763227117370086,-118.12157995636623
260310\input\Service_202605291521_normalized_geocoded.csv,"Los Angeles, CA",6,90804,los_angeles_ca_r06,6,Region 6,0.07,33.7813776392685,-118.14510983331326
260310\input\Service_202605291521_normalized_geocoded.csv,"Los Angeles, CA",6,90805,los_angeles_ca_r06,6,Region 6,0.12,33.86740113357357,-118.17768998323216
260310\input\Service_202605291521_normalized_geocoded.csv,"Los Angeles, CA",6,90806,los_angeles_ca_r06,6,Region 6,0.12,33.798200766487,-118.19415114217372
260310\input\Service_202605291521_normalized_geocoded.csv,"Los Angeles, CA",6,90807,los_angeles_ca_r06,6,Region 6,0.14,33.825971858039125,-118.17724008371248
260310\input\Service_202605291521_normalized_geocoded.csv,"Los Angeles, CA",6,90808,los_angeles_ca_r06,6,Region 6,0.33,33.819015095707464,-118.11719127876378
260310\input\Service_202605291521_normalized_geocoded.csv,"Los Angeles, CA",6,90813,los_angeles_ca_r06,6,Region 6,0.05,33.78025191658967,-118.19803161695832
260310\input\Service_202605291521_normalized_geocoded.csv,"Los Angeles, CA",6,90814,los_angeles_ca_r06,6,Region 6,0.07,33.77119529605725,-118.16108647106824
260310\input\Service_202605291521_normalized_geocoded.csv,"Los Angeles, CA",6,90815,los_angeles_ca_r06,6,Region 6,0.19,33.79490601549799,-118.11909448741618
260310\input\Service_202605291521_normalized_geocoded.csv,"Los Angeles, CA",6,91006,los_angeles_ca_r06,6,Region 6,0.28,34.12769340003085,-118.02352038681693
260310\input\Service_202605291521_normalized_geocoded.csv,"Los Angeles, CA",6,91007,los_angeles_ca_r06,6,Region 6,0.09,34.1273520462754,-118.0510918515752
260310\input\Service_202605291521_normalized_geocoded.csv,"Los Angeles, CA",6,91008,los_angeles_ca_r06,6,Region 6,0.04,34.152838859644,-117.958089176103
260310\input\Service_202605291521_normalized_geocoded.csv,"Los Angeles, CA",6,91010,los_angeles_ca_r06,6,Region 6,0.04,34.143416757976,-117.953938699361
260310\input\Service_202605291521_normalized_geocoded.csv,"Los Angeles, CA",6,91016,los_angeles_ca_r06,6,Region 6,0.16,34.14585418592769,-118.00151796244812
260310\input\Service_202605291521_normalized_geocoded.csv,"Los Angeles, CA",6,91024,los_angeles_ca_r06,6,Region 6,0.09,34.16647352825463,-118.04698071816236
260310\input\Service_202605291521_normalized_geocoded.csv,"Los Angeles, CA",6,91702,los_angeles_ca_r06,6,Region 6,0.14,34.13020582746575,-117.90285058742874
260310\input\Service_202605291521_normalized_geocoded.csv,"Los Angeles, CA",6,91706,los_angeles_ca_r06,6,Region 6,0.37,34.082010860782304,-117.97745106800237
260310\input\Service_202605291521_normalized_geocoded.csv,"Los Angeles, CA",6,91722,los_angeles_ca_r06,6,Region 6,0.12,34.096342433926665,-117.907083063655
260310\input\Service_202605291521_normalized_geocoded.csv,"Los Angeles, CA",6,91723,los_angeles_ca_r06,6,Region 6,0.09,34.082885877306666,-117.89671589988032
260310\input\Service_202605291521_normalized_geocoded.csv,"Los Angeles, CA",6,91724,los_angeles_ca_r06,6,Region 6,0.18,34.0884136972963,-117.85383110154832
260310\input\Service_202605291521_normalized_geocoded.csv,"Los Angeles, CA",6,91731,los_angeles_ca_r06,6,Region 6,0.07,34.08094608605034,-118.04036321564833
260310\input\Service_202605291521_normalized_geocoded.csv,"Los Angeles, CA",6,91732,los_angeles_ca_r06,6,Region 6,0.21,34.07650449331006,-118.011467756561
260310\input\Service_202605291521_normalized_geocoded.csv,"Los Angeles, CA",6,91733,los_angeles_ca_r06,6,Region 6,0.12,34.05116092427833,-118.04387706280876
260310\input\Service_202605291521_normalized_geocoded.csv,"Los Angeles, CA",6,91740,los_angeles_ca_r06,6,Region 6,0.07,34.11631256845225,-117.87351520177126
260310\input\Service_202605291521_normalized_geocoded.csv,"Los Angeles, CA",6,91741,los_angeles_ca_r06,6,Region 6,0.21,34.1362747878742,-117.85225020087572
260310\input\Service_202605291521_normalized_geocoded.csv,"Los Angeles, CA",6,91744,los_angeles_ca_r06,6,Region 6,0.32,34.03348983354089,-117.93319379897416
260310\input\Service_202605291521_normalized_geocoded.csv,"Los Angeles, CA",6,91745,los_angeles_ca_r06,6,Region 6,0.19,33.998808114584456,-117.97433907664846
260310\input\Service_202605291521_normalized_geocoded.csv,"Los Angeles, CA",6,91746,los_angeles_ca_r06,6,Region 6,0.12,34.050809634882,-117.97648161777248
260310\input\Service_202605291521_normalized_geocoded.csv,"Los Angeles, CA",6,91748,los_angeles_ca_r06,6,Region 6,0.18,33.98058966949917,-117.9029825869045
260310\input\Service_202605291521_normalized_geocoded.csv,"Los Angeles, CA",6,91765,los_angeles_ca_r06,6,Region 6,0.21,34.010910262914315,-117.8080086217254
260310\input\Service_202605291521_normalized_geocoded.csv,"Los Angeles, CA",6,91768,los_angeles_ca_r06,6,Region 6,0.09,34.064884680906374,-117.78440021455
260310\input\Service_202605291521_normalized_geocoded.csv,"Los Angeles, CA",6,91770,los_angeles_ca_r06,6,Region 6,0.19,34.07098249694833,-118.08063369417496
260310\input\Service_202605291521_normalized_geocoded.csv,"Los Angeles, CA",6,91773,los_angeles_ca_r06,6,Region 6,0.25,34.10526016834528,-117.8179051568624
260310\input\Service_202605291521_normalized_geocoded.csv,"Los Angeles, CA",6,91775,los_angeles_ca_r06,6,Region 6,0.14,34.11621164940622,-118.08434580873735
260310\input\Service_202605291521_normalized_geocoded.csv,"Los Angeles, CA",6,91776,los_angeles_ca_r06,6,Region 6,0.09,34.088593083512,-118.0931632393928
260310\input\Service_202605291521_normalized_geocoded.csv,"Los Angeles, CA",6,91780,los_angeles_ca_r06,6,Region 6,0.05,34.10847762920725,-118.066785080378
260310\input\Service_202605291521_normalized_geocoded.csv,"Los Angeles, CA",6,91789,los_angeles_ca_r06,6,Region 6,0.23,34.01323805228942,-117.8582053919098
260310\input\Service_202605291521_normalized_geocoded.csv,"Los Angeles, CA",6,91790,los_angeles_ca_r06,6,Region 6,0.3,34.07086385335675,-117.93926020490164
260310\input\Service_202605291521_normalized_geocoded.csv,"Los Angeles, CA",6,91791,los_angeles_ca_r06,6,Region 6,0.14,34.059576826767874,-117.9008642037425
260310\input\Service_202605291521_normalized_geocoded.csv,"Los Angeles, CA",6,91792,los_angeles_ca_r06,6,Region 6,0.12,34.017949765893086,-117.89401436284268
260310\input\Service_202605291521_normalized_geocoded.csv,"Los Angeles, CA",6,92647,los_angeles_ca_r06,6,Region 6,0.39,33.724544300561114,-118.0087450932377
260310\input\Service_202605291521_normalized_geocoded.csv,"Los Angeles, CA",6,92649,los_angeles_ca_r06,6,Region 6,0.25,33.71892397851418,-118.04163353768956
260310\input\Service_202605291521_normalized_geocoded.csv,"Los Angeles, CA",6,92683,los_angeles_ca_r06,6,Region 6,0.47,33.75343564048693,-117.9943100066988
260310\input\Service_202605291521_normalized_geocoded.csv,"Los Angeles, CA",6,92801,los_angeles_ca_r06,6,Region 6,0.18,33.848623118963616,-117.94528548947162
260310\input\Service_202605291521_normalized_geocoded.csv,"Los Angeles, CA",6,92802,los_angeles_ca_r06,6,Region 6,0.11,33.79984244834483,-117.91245657098447
260310\input\Service_202605291521_normalized_geocoded.csv,"Los Angeles, CA",6,92804,los_angeles_ca_r06,6,Region 6,0.42,33.83740293276304,-117.9878406851228
260310\input\Service_202605291521_normalized_geocoded.csv,"Los Angeles, CA",6,92805,los_angeles_ca_r06,6,Region 6,0.19,33.8316648323188,-117.9046187093342
260310\input\Service_202605291521_normalized_geocoded.csv,"Los Angeles, CA",6,92806,los_angeles_ca_r06,6,Region 6,0.12,33.8319456132895,-117.87954000314424
260310\input\Service_202605291521_normalized_geocoded.csv,"Los Angeles, CA",6,92807,los_angeles_ca_r06,6,Region 6,0.26,33.85010892285396,-117.78966881525308
260310\input\Service_202605291521_normalized_geocoded.csv,"Los Angeles, CA",6,92821,los_angeles_ca_r06,6,Region 6,0.26,33.923016186652376,-117.88679183921316
260310\input\Service_202605291521_normalized_geocoded.csv,"Los Angeles, CA",6,92823,los_angeles_ca_r06,6,Region 6,0.05,33.916326923397335,-117.83434924169568
260310\input\Service_202605291521_normalized_geocoded.csv,"Los Angeles, CA",6,92831,los_angeles_ca_r06,6,Region 6,0.18,33.882068384840935,-117.9048373556398
260310\input\Service_202605291521_normalized_geocoded.csv,"Los Angeles, CA",6,92832,los_angeles_ca_r06,6,Region 6,0.12,33.869415152982164,-117.93074492865117
260310\input\Service_202605291521_normalized_geocoded.csv,"Los Angeles, CA",6,92833,los_angeles_ca_r06,6,Region 6,0.23,33.877601820591906,-117.96247267440673
260310\input\Service_202605291521_normalized_geocoded.csv,"Los Angeles, CA",6,92835,los_angeles_ca_r06,6,Region 6,0.25,33.90404801699356,-117.91161221964651
260310\input\Service_202605291521_normalized_geocoded.csv,"Los Angeles, CA",6,92840,los_angeles_ca_r06,6,Region 6,0.19,33.7863842258768,-117.9339999424556
260310\input\Service_202605291521_normalized_geocoded.csv,"Los Angeles, CA",6,92841,los_angeles_ca_r06,6,Region 6,0.18,33.7834064539325,-117.97670632063326
260310\input\Service_202605291521_normalized_geocoded.csv,"Los Angeles, CA",6,92843,los_angeles_ca_r06,6,Region 6,0.12,33.75824603684592,-117.92804715348508
260310\input\Service_202605291521_normalized_geocoded.csv,"Los Angeles, CA",6,92844,los_angeles_ca_r06,6,Region 6,0.07,33.76112303323775,-117.96113068452274
260310\input\Service_202605291521_normalized_geocoded.csv,"Los Angeles, CA",6,92845,los_angeles_ca_r06,6,Region 6,0.16,33.78026725987193,-118.02780245226872
260310\input\Service_202605291521_normalized_geocoded.csv,"Los Angeles, CA",6,92861,los_angeles_ca_r06,6,Region 6,0.02,33.82965039597,-117.800668783938
260310\input\Service_202605291521_normalized_geocoded.csv,"Los Angeles, CA",6,92865,los_angeles_ca_r06,6,Region 6,0.11,33.8256113028992,-117.84986322809593
260310\input\Service_202605291521_normalized_geocoded.csv,"Los Angeles, CA",6,92870,los_angeles_ca_r06,6,Region 6,0.26,33.88513142251314,-117.85279974859073
260310\input\Service_202605291521_normalized_geocoded.csv,"Los Angeles, CA",6,92886,los_angeles_ca_r06,6,Region 6,0.42,33.89259941304169,-117.80085339772458
260310\input\Service_202605291521_normalized_geocoded.csv,"Los Angeles, CA",6,92887,los_angeles_ca_r06,6,Region 6,0.25,33.8809375921875,-117.7386050455843
