STRATEGIC_CITY_NAME,candidate_region_count,POSTAL_CODE,region_id,region_seq,AREA_NAME,new_region_name,area_type,service_count,relevant_calls,dms_calls,dms2_calls,asc_calls,dms_share_zip,dms_fit_score,density_raw,dms_avg_distance_km,distance_to_density_center_km,nearest_dms_home_distance_km,nearest_dms_home_code,is_dms_home_anchor,density_center_latitude,density_center_longitude,density_center_postal_code,latitude,longitude
"Philadelphia, PA",3,08030,philadelphia_pa_r01,1,DMS Region 1,DMS Region 1,DMS_CORE,3,3,0,3,0,0.0,0.14402039623160917,4.348700440094096,23.583717862938517,11.479195627152976,8.182384365174212,AI103245,False,39.978022863601,-75.17344342150166,19121,39.884408802338335,-75.11669176100732
"Philadelphia, PA",3,08093,philadelphia_pa_r01,1,DMS Region 1,DMS Region 1,DMS_CORE,1,1,1,0,1,1.0,0.8358331834747132,4.0,23.771544298134607,12.185517810179086,8.724631895359849,AI103245,False,39.978022863601,-75.17344342150166,19121,39.873819967888,-75.129202973741
"Philadelphia, PA",3,08103,philadelphia_pa_r01,1,DMS Region 1,DMS Region 1,DMS_CORE,1,1,0,1,0,0.0,0.13613922433700157,4.0,20.684985443578444,5.877441841597116,3.7956932722740553,AI103245,False,39.978022863601,-75.17344342150166,19121,39.940338319492,-75.125088682604
"Philadelphia, PA",3,08105,philadelphia_pa_r01,1,DMS Region 1,DMS Region 1,DMS_CORE,1,1,1,0,0,1.0,0.8359819785257341,4.0,22.270879717566345,8.395279523246227,7.544795466377214,AI103245,False,39.978022863601,-75.17344342150166,19121,39.952293960699,-75.080831167488
"Philadelphia, PA",3,19004,philadelphia_pa_r01,1,DMS Region 1,DMS Region 1,DMS_CORE,1,1,1,0,0,1.0,0.8361925669361057,4.0,20.147001494772436,6.794455341120406,9.303132454695676,AI105077,False,39.978022863601,-75.17344342150166,19121,40.018817061716,-75.232827647039
"Philadelphia, PA",3,19012,philadelphia_pa_r01,1,DMS Region 1,DMS Region 1,DMS_CORE,3,3,0,3,0,0.0,0.14593602722725357,4.536118125006463,21.43960979666218,10.130639604487062,2.0330353119977826,AI105077,False,39.978022863601,-75.17344342150166,19121,40.05604581382867,-75.11201997563934
"Philadelphia, PA",3,19013,philadelphia_pa_r01,1,DMS Region 1,DMS Region 1,DMS_CORE,3,3,1,2,0,0.3333333333333333,0.38743144403207935,5.453891479594749,23.230654553461545,20.028238821303194,9.27343324255667,AI102342,False,39.978022863601,-75.17344342150166,19121,39.86104809642,-75.352028375106
"Philadelphia, PA",3,19014,philadelphia_pa_r01,1,DMS Region 1,DMS Region 1,DMS_CORE,13,13,8,5,0,0.6153846153846154,0.621744523950779,6.779245961224675,24.906022404680375,25.51786783577142,6.098184383436054,AI102342,True,39.978022863601,-75.17344342150166,19121,39.869468832110684,-75.43708873012477
"Philadelphia, PA",3,19015,philadelphia_pa_r01,1,DMS Region 1,DMS Region 1,DMS_CORE,3,3,0,3,0,0.0,0.14161075390668804,4.08845938515014,24.03625598535407,22.841942231052805,7.7062363818477015,AI102342,False,39.978022863601,-75.17344342150166,19121,39.858792708258996,-75.39155121172267
"Philadelphia, PA",3,19018,philadelphia_pa_r01,1,DMS Region 1,DMS Region 1,DMS_CORE,2,2,0,2,0,0.0,0.1750120773483938,8.0,20.42835580792833,12.004240942278276,10.591498051592708,AI102342,False,39.978022863601,-75.17344342150166,19121,39.9313176662355,-75.3004152847885
"Philadelphia, PA",3,19020,philadelphia_pa_r01,1,DMS Region 1,DMS Region 1,DMS_CORE,9,9,4,5,0,0.4444444444444444,0.4717580205125248,4.649077995100223,34.70769523110176,26.450523868878314,9.01037055738503,AI102272,False,39.978022863601,-75.17344342150166,19121,40.12142246964867,-74.92550650192489
"Philadelphia, PA",3,19027,philadelphia_pa_r01,1,DMS Region 1,DMS Region 1,DMS_CORE,4,4,2,2,0,0.5,0.5011264776762264,4.839317571540123,22.091916410936697,11.41968437681645,2.0610331465322695,AI105077,False,39.978022863601,-75.17344342150166,19121,40.07337240838875,-75.12361927381124
"Philadelphia, PA",3,19031,philadelphia_pa_r01,1,DMS Region 1,DMS Region 1,DMS_CORE,1,1,1,0,0,1.0,0.8357354843216533,4.0,24.75688391489335,14.88319745306982,8.227871699519728,AI105077,False,39.978022863601,-75.17344342150166,19121,40.109797619318,-75.204094387916
"Philadelphia, PA",3,19033,philadelphia_pa_r01,1,DMS Region 1,DMS Region 1,DMS_CORE,3,3,2,1,0,0.6666666666666666,0.6376973495843997,7.300624327271002,21.701858218705887,16.372645851688713,8.773191211466399,AI102342,False,39.978022863601,-75.17344342150166,19121,39.892367302484,-75.32963655121134
"Philadelphia, PA",3,19046,philadelphia_pa_r01,1,DMS Region 1,DMS Region 1,DMS_CORE,1,1,1,0,0,1.0,0.8358926932430383,4.0,23.171361691855743,12.91344379319102,3.60272714955417,AI105077,False,39.978022863601,-75.17344342150166,19121,40.089585409407,-75.131309734669
"Philadelphia, PA",3,19053,philadelphia_pa_r01,1,DMS Region 1,DMS Region 1,DMS_CORE,10,10,6,4,1,0.6,0.5727625901609483,3.499025438220389,34.0416726493895,25.87069187803228,9.957928165405391,AI102272,False,39.978022863601,-75.17344342150166,19121,40.1509817696042,-74.9701097636391
"Philadelphia, PA",3,19064,philadelphia_pa_r01,1,DMS Region 1,DMS Region 1,DMS_CORE,7,7,4,3,1,0.5714285714285714,0.5766349061891936,6.808204975887192,20.907478254524335,14.471520688961895,7.889362226790349,AI102342,False,39.978022863601,-75.17344342150166,19121,39.932305468459,-75.33240463789356
"Philadelphia, PA",3,19074,philadelphia_pa_r01,1,DMS Region 1,DMS Region 1,DMS_CORE,3,3,1,2,0,0.3333333333333333,0.3744900552640162,4.011584322035423,21.570159141157525,14.647825717472427,11.55434442584924,AI102342,False,39.978022863601,-75.17344342150166,19121,39.88682697866167,-75.297412420816
"Philadelphia, PA",3,19075,philadelphia_pa_r01,1,DMS Region 1,DMS Region 1,DMS_CORE,5,5,2,3,0,0.4,0.4653530358923166,8.355421399834418,24.348599936581156,14.312638721957104,6.737241670830151,AI105077,False,39.978022863601,-75.17344342150166,19121,40.1065700344148,-75.1820640334784
"Philadelphia, PA",3,19078,philadelphia_pa_r01,1,DMS Region 1,DMS Region 1,DMS_CORE,1,1,1,0,0,1.0,0.8359801394065772,4.0,22.289428056098092,16.830263494039105,10.841531975990229,AI102342,False,39.978022863601,-75.17344342150166,19121,39.872924689802,-75.315473848285
"Philadelphia, PA",3,19086,philadelphia_pa_r01,1,DMS Region 1,DMS Region 1,DMS_CORE,6,6,4,2,0,0.6666666666666666,0.6149194730594275,3.975687023113362,22.354021252372487,19.53810803735991,5.526921114141394,AI102342,False,39.978022863601,-75.17344342150166,19121,39.89240398422766,-75.37355395861383
"Philadelphia, PA",3,19094,philadelphia_pa_r01,1,DMS Region 1,DMS Region 1,DMS_CORE,1,1,1,0,0,1.0,0.8359588788271282,4.0,22.503850500411428,18.37355825056906,8.904521131351784,AI102342,False,39.978022863601,-75.17344342150166,19121,39.874579674392,-75.341466567922
"Philadelphia, PA",3,19106,philadelphia_pa_r01,1,DMS Region 1,DMS Region 1,DMS_CORE,1,1,1,0,0,1.0,0.8362381854652173,4.0,19.686918243441745,3.6623436609999236,2.4453565264015054,AI103245,False,39.978022863601,-75.17344342150166,19121,39.954989020107,-75.142726315154
"Philadelphia, PA",3,19111,philadelphia_pa_r01,1,DMS Region 1,DMS Region 1,DMS_CORE,4,4,1,3,0,0.25,0.34424460308755556,6.834542137018276,22.214804137341098,11.141748512375546,4.172821020548731,AI105077,False,39.978022863601,-75.17344342150166,19121,40.053306831254744,-75.0871049997855
"Philadelphia, PA",3,19115,philadelphia_pa_r01,1,DMS Region 1,DMS Region 1,DMS_CORE,7,7,1,6,0,0.14285714285714285,0.29278339436592027,8.645862664891574,26.454827295603728,17.50682806570389,5.158221517005727,AI102272,False,39.978022863601,-75.17344342150166,19121,40.098961492574425,-75.04177535276844
"Philadelphia, PA",3,19116,philadelphia_pa_r01,1,DMS Region 1,DMS Region 1,DMS_CORE,6,6,3,3,0,0.5,0.5122932928061116,5.597891151880958,29.416276796275287,20.958879534666455,6.434286641815453,AI102272,False,39.978022863601,-75.17344342150166,19121,40.12162304327867,-75.0139467297745
"Philadelphia, PA",3,19118,philadelphia_pa_r01,1,DMS Region 1,DMS Region 1,DMS_CORE,1,1,1,0,0,1.0,0.8359917843647313,4.0,22.171983449411226,10.875839309374317,6.562529543311221,AI105077,False,39.978022863601,-75.17344342150166,19121,40.07157997953,-75.210691880493
"Philadelphia, PA",3,19120,philadelphia_pa_r01,1,DMS Region 1,DMS Region 1,DMS_CORE,9,9,6,3,0,0.6666666666666666,0.6493030989684369,6.915582556789135,20.647254149834737,8.019457344501125,2.6087155984772785,AI105077,False,39.978022863601,-75.17344342150166,19121,40.03734133975401,-75.11988861314966
"Philadelphia, PA",3,19122,philadelphia_pa_r01,1,DMS Region 1,DMS Region 1,DMS_CORE,5,5,1,4,1,0.2,0.34397558696302266,10.352762856702103,19.578131909186894,2.6587755782641787,4.006594942865245,AI103245,False,39.978022863601,-75.17344342150166,19121,39.9758198515822,-75.1423732070708
"Philadelphia, PA",3,19123,philadelphia_pa_r01,1,DMS Region 1,DMS Region 1,DMS_CORE,4,4,3,1,0,0.75,0.719179906155025,9.551115509251916,19.691392600440512,3.2648732794854554,3.1899698714355824,AI103245,False,39.978022863601,-75.17344342150166,19121,39.964038656565506,-75.13975519651025
"Philadelphia, PA",3,19126,philadelphia_pa_r01,1,DMS Region 1,DMS Region 1,DMS_CORE,1,1,0,1,0,0.0,0.1361537453019998,4.0,20.53853502268747,8.505988017478803,1.0798106292158365,AI105077,False,39.978022863601,-75.17344342150166,19121,40.05158108082,-75.146028913978
"Philadelphia, PA",3,19127,philadelphia_pa_r01,1,DMS Region 1,DMS Region 1,DMS_CORE,2,2,1,1,0,0.5,0.4919390865856765,4.361141718139915,20.50121899449301,7.545347914350976,8.410885597169063,AI105077,False,39.978022863601,-75.17344342150166,19121,40.031164389124,-75.228530533453
"Philadelphia, PA",3,19128,philadelphia_pa_r01,1,DMS Region 1,DMS Region 1,DMS_CORE,6,6,3,3,0,0.5,0.5011360261176508,4.274892337985916,20.696121534561573,7.915228910658743,7.605115914239132,AI105077,False,39.978022863601,-75.17344342150166,19121,40.03879624300217,-75.22183148219617
"Philadelphia, PA",3,19129,philadelphia_pa_r01,1,DMS Region 1,DMS Region 1,DMS_CORE,1,1,1,0,0,1.0,0.8362441404340892,4.0,19.626859721312478,4.436804788331898,6.205758378619169,AI105077,False,39.978022863601,-75.17344342150166,19121,40.01677326662,-75.185861700063
"Philadelphia, PA",3,19130,philadelphia_pa_r01,1,DMS Region 1,DMS Region 1,DMS_CORE,5,5,1,4,0,0.2,0.3296620127131751,8.771053497090087,18.981230796252625,1.1031515598276727,2.4738514553061433,AI103245,False,39.978022863601,-75.17344342150166,19121,39.968102217188594,-75.1733571676296
"Philadelphia, PA",3,19131,philadelphia_pa_r01,1,DMS Region 1,DMS Region 1,DMS_CORE,9,9,6,3,0,0.6666666666666666,0.6344270038251919,5.264628684419917,19.377716899320667,4.5711064104146,6.851155496606665,AI103245,False,39.978022863601,-75.17344342150166,19121,39.99067024302744,-75.22449275226688
"Philadelphia, PA",3,19132,philadelphia_pa_r01,1,DMS Region 1,DMS Region 1,DMS_CORE,3,3,3,0,0,1.0,0.8456389544759504,4.48070011330959,19.3569396867476,2.0457864727739805,5.192475465659778,AI103245,False,39.978022863601,-75.17344342150166,19121,39.99202482818966,-75.15786715211333
"Philadelphia, PA",3,19135,philadelphia_pa_r01,1,DMS Region 1,DMS Region 1,DMS_CORE,7,7,4,3,0,0.5714285714285714,0.5966393375218174,9.037015166526306,23.413073508129294,12.362250540954246,5.435071327021719,AI102272,True,39.978022863601,-75.17344342150166,19121,40.028577325134435,-75.044179400682
"Philadelphia, PA",3,19136,philadelphia_pa_r01,1,DMS Region 1,DMS Region 1,DMS_CORE,3,3,1,2,0,0.3333333333333333,0.3889808959105379,5.633190393554974,24.035582063254218,13.88256867467753,3.678385494973986,AI102272,False,39.978022863601,-75.17344342150166,19121,40.04532093823733,-75.03614602314434
"Philadelphia, PA",3,19138,philadelphia_pa_r01,1,DMS Region 1,DMS Region 1,DMS_CORE,5,5,4,1,0,0.8,0.7238874900848602,5.952968012863458,20.665473008143373,8.55707015854064,1.8023802228818695,AI105077,False,39.978022863601,-75.17344342150166,19121,40.053879522459404,-75.1565238661284
"Philadelphia, PA",3,19139,philadelphia_pa_r01,1,DMS Region 1,DMS Region 1,DMS_CORE,4,4,2,2,0,0.5,0.5204849577318481,6.939566408440147,19.33021860953651,5.797303954487048,6.182634065069302,AI103245,False,39.978022863601,-75.17344342150166,19121,39.962370224980745,-75.2383345811175
"Philadelphia, PA",3,19142,philadelphia_pa_r01,1,DMS Region 1,DMS Region 1,DMS_CORE,4,4,1,3,0,0.25,0.34391971125457094,6.773059076243382,19.856870707238034,7.757901086405737,5.839550880788959,AI103245,False,39.978022863601,-75.17344342150166,19121,39.92406136963225,-75.23113275058
"Philadelphia, PA",3,19143,philadelphia_pa_r01,1,DMS Region 1,DMS Region 1,DMS_CORE,4,4,1,3,0,0.25,0.34621945818670496,7.021541542545175,19.43506132390066,6.5861278722077845,6.310213057136887,AI103245,False,39.978022863601,-75.17344342150166,19121,39.951653676956,-75.242642464701
"Philadelphia, PA",3,19145,philadelphia_pa_r01,1,DMS Region 1,DMS Region 1,DMS_CORE,6,6,5,1,0,0.8333333333333334,0.7557892373792139,6.611854273231226,19.84641253563813,5.979114143412481,2.5496874589908005,AI103245,False,39.978022863601,-75.17344342150166,19121,39.924395833953334,-75.178579841654
"Philadelphia, PA",3,19146,philadelphia_pa_r01,1,DMS Region 1,DMS Region 1,DMS_CORE,8,8,4,4,0,0.5,0.5836126221719493,12.785758439736524,19.288026547425368,4.568852595595551,1.2585693764226364,AI103245,False,39.978022863601,-75.17344342150166,19121,39.937074076348374,-75.17786206985488
"Philadelphia, PA",3,19147,philadelphia_pa_r01,1,DMS Region 1,DMS Region 1,DMS_CORE,5,5,3,2,0,0.6,0.6799403777863927,16.511686700825333,19.582547463450847,4.506895887150598,1.3082541534042027,AI103245,True,39.978022863601,-75.17344342150166,19121,39.939742286718,-75.15606722378661
"Philadelphia, PA",3,19148,philadelphia_pa_r01,1,DMS Region 1,DMS Region 1,DMS_CORE,4,4,3,1,0,0.75,0.6740909295772305,4.594725231685377,20.205672990478245,6.100454012977014,2.584752417766252,AI103245,False,39.978022863601,-75.17344342150166,19121,39.924469287921255,-75.15790305001076
"Philadelphia, PA",3,19150,philadelphia_pa_r01,1,DMS Region 1,DMS Region 1,DMS_CORE,7,7,4,3,0,0.5714285714285714,0.596666566504311,9.021788296997128,21.742991177730122,10.37981925154777,3.5485117616878883,AI105077,True,39.978022863601,-75.17344342150166,19121,40.071370641147,-75.17331637037942
"Philadelphia, PA",3,19152,philadelphia_pa_r01,1,DMS Region 1,DMS Region 1,DMS_CORE,3,3,2,1,0,0.6666666666666666,0.6067373308384568,3.9198917586639834,24.120375503363608,14.280746931118088,3.6930277553281763,AI102272,False,39.978022863601,-75.17344342150166,19121,40.05961390641333,-75.04393469532268
"Philadelphia, PA",3,19154,philadelphia_pa_r01,1,DMS Region 1,DMS Region 1,DMS_CORE,1,1,0,1,0,0.0,0.13521259864275226,4.0,30.03041964494535,21.698683179454214,4.484398657180707,AI102272,False,39.978022863601,-75.17344342150166,19121,40.098951188399,-74.973401793695
"Philadelphia, PA",3,19373,philadelphia_pa_r01,1,DMS Region 1,DMS Region 1,DMS_CORE,3,3,2,1,0,0.6666666666666666,0.6796656389804413,12.0,29.107008968292057,31.35576847839882,9.292136069194225,AI102342,False,39.978022863601,-75.17344342150166,19121,39.918415250591,-75.532963409298
"Philadelphia, PA",3,19801,philadelphia_pa_r01,1,DMS Region 1,DMS Region 1,DMS_CORE,5,5,5,0,0,1.0,0.8482717432540621,4.396048504765818,35.47342925880322,42.56976838405121,1.6329010356545326,AI103874,False,39.978022863601,-75.17344342150166,19121,39.7313757913976,-75.55485474942779
"Philadelphia, PA",3,19802,philadelphia_pa_r01,1,DMS Region 1,DMS Region 1,DMS_CORE,1,1,1,0,0,1.0,0.8348979796017346,4.0,33.20349326525918,39.42700480667957,3.110454323816461,AI103874,False,39.978022863601,-75.17344342150166,19121,39.758943590903,-75.536689301576
"Philadelphia, PA",3,19803,philadelphia_pa_r01,1,DMS Region 1,DMS Region 1,DMS_CORE,10,10,6,4,0,0.6,0.6186991668503661,8.52787032800733,31.61906653198517,36.88741997893609,6.340757039089022,AI103874,True,39.978022863601,-75.17344342150166,19121,39.793836334298405,-75.53301394090059
"Philadelphia, PA",3,19804,philadelphia_pa_r01,1,DMS Region 1,DMS Region 1,DMS_CORE,1,1,1,0,0,1.0,0.8341994496758813,4.0,40.24847971476164,47.89388882195929,5.499856004095335,AI103874,False,39.978022863601,-75.17344342150166,19121,39.722549990473,-75.62513883552
"Philadelphia, PA",3,19805,philadelphia_pa_r01,1,DMS Region 1,DMS Region 1,DMS_CORE,7,7,3,4,1,0.42857142857142855,0.4535347779960021,4.436024492590886,36.48420421767161,44.01535789532768,2.0915371225251187,AI103874,False,39.978022863601,-75.17344342150166,19121,39.745519558402144,-75.590801822109
"Philadelphia, PA",3,19806,philadelphia_pa_r01,1,DMS Region 1,DMS Region 1,DMS_CORE,2,2,1,1,0,0.5,0.5036989845869211,5.8034477662330675,34.077475077845165,40.98470909925087,1.7933731395695356,AI103874,False,39.978022863601,-75.17344342150166,19121,39.757907420783496,-75.55863176441301
"Philadelphia, PA",3,19808,philadelphia_pa_r01,1,DMS Region 1,DMS Region 1,DMS_CORE,10,10,8,2,1,0.8,0.7290328986321374,5.367396972687437,41.17517877391594,48.7749909378694,7.5026095161225275,AI103874,False,39.978022863601,-75.17344342150166,19121,39.741003663362505,-75.6542744747397
"Philadelphia, PA",3,08002,philadelphia_pa_r02,2,Overlap Region 1,Overlap Region 1,OVERLAP,11,11,6,5,1,0.5454545454545454,0.579766275888721,8.10490073737671,25.644556381109645,13.427299070306775,11.9522305542341,AI103245,False,39.978022863601,-75.17344342150166,19121,39.926072793095265,-75.03124288885299
"Philadelphia, PA",3,08007,philadelphia_pa_r02,2,Overlap Region 1,Overlap Region 1,OVERLAP,2,2,1,1,0,0.5,0.47761562842088073,2.86082986921776,27.463673327598578,16.319396668580527,13.525582576280856,AI103245,False,39.978022863601,-75.17344342150166,19121,39.866404318320505,-75.0491878171505
"Philadelphia, PA",3,08029,philadelphia_pa_r02,2,Overlap Region 1,Overlap Region 1,OVERLAP,2,2,1,1,0,0.5,0.5242663033417742,8.0,27.949819923597317,17.63282611560813,14.394333034156032,AI103245,False,39.978022863601,-75.17344342150166,19121,39.838519703433,-75.075148176437
"Philadelphia, PA",3,08031,philadelphia_pa_r02,2,Overlap Region 1,Overlap Region 1,OVERLAP,3,3,1,2,0,0.3333333333333333,0.37928166433655947,4.583580081041628,25.665169859398066,14.281373928253362,11.144867821313483,AI103245,False,39.978022863601,-75.17344342150166,19121,39.867901542810664,-75.08725595964533
"Philadelphia, PA",3,08033,philadelphia_pa_r02,2,Overlap Region 1,Overlap Region 1,OVERLAP,3,3,2,1,1,0.6666666666666666,0.603442458590449,3.581686398298659,26.355817194926185,14.443632427643145,12.378174597751032,AI103245,False,39.978022863601,-75.17344342150166,19121,39.902998355813004,-75.035141914017
"Philadelphia, PA",3,08034,philadelphia_pa_r02,2,Overlap Region 1,Overlap Region 1,OVERLAP,6,6,4,2,0,0.6666666666666666,0.6333259115909822,6.063346814402921,28.040365051042357,16.597601185310705,14.970120895203369,AI103245,False,39.978022863601,-75.17344342150166,19121,39.91098558419666,-74.99948901054266
"Philadelphia, PA",3,08035,philadelphia_pa_r02,2,Overlap Region 1,Overlap Region 1,OVERLAP,1,1,0,1,1,0.0,0.13558500449360605,4.0,26.274540224639015,14.521978623128659,11.998313210588261,AI103245,False,39.978022863601,-75.17344342150166,19121,39.887086170376,-75.051198928032
"Philadelphia, PA",3,08045,philadelphia_pa_r02,2,Overlap Region 1,Overlap Region 1,OVERLAP,1,1,1,0,0,1.0,0.8353005105804592,4.0,29.143788468566232,18.364635836390658,15.720525420044744,AI103245,False,39.978022863601,-75.17344342150166,19121,39.860004960294,-75.02280023537
"Philadelphia, PA",3,08049,philadelphia_pa_r02,2,Overlap Region 1,Overlap Region 1,OVERLAP,2,2,1,1,0,0.5,0.5241927013027212,8.0,28.692129377484,17.876575684583205,15.132204888704425,AI103245,False,39.978022863601,-75.17344342150166,19121,39.858578203325,-75.033140365614
"Philadelphia, PA",3,08059,philadelphia_pa_r02,2,Overlap Region 1,Overlap Region 1,OVERLAP,2,2,0,2,0,0.0,0.14215383776278134,4.434441562132451,25.052918801961347,13.235671137117148,10.228711278952272,AI103245,False,39.978022863601,-75.17344342150166,19121,39.8796475495945,-75.08605557534099
"Philadelphia, PA",3,08078,philadelphia_pa_r02,2,Overlap Region 1,Overlap Region 1,OVERLAP,2,2,0,2,0,0.0,0.1251782077914674,2.5925120399524295,27.456172390836223,16.699954002790736,13.598190150865484,AI103245,False,39.978022863601,-75.17344342150166,19121,39.8514410547525,-75.0680634583
"Philadelphia, PA",3,08083,philadelphia_pa_r02,2,Overlap Region 1,Overlap Region 1,OVERLAP,2,2,2,0,0,1.0,0.8741280784619969,8.0,29.34387960375414,19.164992373807323,16.0818411658157,AI103245,False,39.978022863601,-75.17344342150166,19121,39.834351129267,-75.049328414481
"Philadelphia, PA",3,08086,philadelphia_pa_r02,2,Overlap Region 1,Overlap Region 1,OVERLAP,5,5,2,3,0,0.4,0.44301482226498035,5.8945015144445225,24.108557928253088,14.939388573581162,11.481243635468228,AI103245,False,39.978022863601,-75.17344342150166,19121,39.844500521068404,-75.1928903336844
"Philadelphia, PA",3,08090,philadelphia_pa_r02,2,Overlap Region 1,Overlap Region 1,OVERLAP,3,3,3,0,0,1.0,0.8303021215783829,2.8888636755613963,28.151963605038635,20.223249401251756,16.65673133402036,AI103245,False,39.978022863601,-75.17344342150166,19121,39.796638151272994,-75.15610770793366
"Philadelphia, PA",3,08096,philadelphia_pa_r02,2,Overlap Region 1,Overlap Region 1,OVERLAP,3,3,3,0,0,1.0,0.817770128214849,1.4844818832766808,25.83820124117359,15.893448116381185,12.348539805975479,AI103245,False,39.978022863601,-75.17344342150166,19121,39.83820558184833,-75.13474933470833
"Philadelphia, PA",3,08106,philadelphia_pa_r02,2,Overlap Region 1,Overlap Region 1,OVERLAP,1,1,1,0,0,1.0,0.8357245207572657,4.0,24.867456360956446,12.58210220486052,10.051844198689974,AI103245,False,39.978022863601,-75.17344342150166,19121,39.897849107401,-75.069302521548
"Philadelphia, PA",3,08108,philadelphia_pa_r02,2,Overlap Region 1,Overlap Region 1,OVERLAP,2,2,2,0,0,1.0,0.8202705956613147,2.023814260977375,24.833347599612587,12.33422999186383,10.339169300740327,AI103245,False,39.978022863601,-75.17344342150166,19121,39.914257894402,-75.0550519299385
"Philadelphia, PA",3,08109,philadelphia_pa_r02,2,Overlap Region 1,Overlap Region 1,OVERLAP,4,4,1,3,0,0.25,0.3208754793555349,4.279403477500255,23.737275267114075,10.772139306241042,9.962669479811131,AI103245,False,39.978022863601,-75.17344342150166,19121,39.950532747069495,-75.0522425268975
"Philadelphia, PA",3,18954,philadelphia_pa_r02,2,Overlap Region 1,Overlap Region 1,OVERLAP,3,3,0,3,0,0.0,0.12090256822159472,1.9692656628657885,38.674134898815716,30.75330670083087,17.229864251457485,AI102272,False,39.978022863601,-75.17344342150166,19121,40.219532398055996,-74.99725049155134
"Philadelphia, PA",3,18966,philadelphia_pa_r02,2,Overlap Region 1,Overlap Region 1,OVERLAP,6,6,3,3,0,0.5,0.48427746902698404,2.575549333002699,34.98597870940762,26.878370953948796,13.902522281919065,AI102272,False,39.978022863601,-75.17344342150166,19121,40.1888814147895,-75.0189700683725
"Philadelphia, PA",3,19001,philadelphia_pa_r02,2,Overlap Region 1,Overlap Region 1,OVERLAP,2,2,0,2,0,0.0,0.11544180828309801,1.5166805626442676,27.057577771785894,17.908738182444488,8.619039938291648,AI105077,False,39.978022863601,-75.17344342150166,19121,40.134114698047,-75.1215993961215
"Philadelphia, PA",3,19002,philadelphia_pa_r02,2,Overlap Region 1,Overlap Region 1,OVERLAP,7,7,4,3,0,0.5714285714285714,0.5499122304964915,3.958344488617326,29.242248879516456,20.74250563686823,13.430541176145038,AI105077,False,39.978022863601,-75.17344342150166,19121,40.16181050177886,-75.21517482600414
"Philadelphia, PA",3,19003,philadelphia_pa_r02,2,Overlap Region 1,Overlap Region 1,OVERLAP,1,1,1,0,0,1.0,0.8361082786065746,4.0,20.997086963440015,11.700126300293226,12.630014257863031,AI102342,False,39.978022863601,-75.17344342150166,19121,39.994862355768,-75.309003169688
"Philadelphia, PA",3,19006,philadelphia_pa_r02,2,Overlap Region 1,Overlap Region 1,OVERLAP,5,5,3,2,0,0.6,0.5437047129608992,1.606572963323143,27.601528796630873,18.735993388917535,8.132592172637835,AI102272,False,39.978022863601,-75.17344342150166,19121,40.1223137833848,-75.05977255248361
"Philadelphia, PA",3,19008,philadelphia_pa_r02,2,Overlap Region 1,Overlap Region 1,OVERLAP,4,4,1,3,0,0.25,0.3065829502683214,2.6867210002513873,21.92249333950199,15.935266009393922,8.223854759329965,AI102342,False,39.978022863601,-75.17344342150166,19121,39.97893126180625,-75.36045749656824
"Philadelphia, PA",3,19010,philadelphia_pa_r02,2,Overlap Region 1,Overlap Region 1,OVERLAP,7,7,3,4,0,0.42857142857142855,0.4477046305024196,3.6436843825320624,22.669867954203657,14.906409908053407,13.140043263907948,AI102342,False,39.978022863601,-75.17344342150166,19121,40.021824924891284,-75.33883632866541
"Philadelphia, PA",3,19023,philadelphia_pa_r02,2,Overlap Region 1,Overlap Region 1,OVERLAP,2,2,0,2,0,0.0,0.16353510021957474,6.739014412083202,20.61582292171304,11.809067527133868,10.322729003719926,AI103245,False,39.978022863601,-75.17344342150166,19121,39.9112702292655,-75.2811832133015
"Philadelphia, PA",3,19025,philadelphia_pa_r02,2,Overlap Region 1,Overlap Region 1,OVERLAP,3,3,1,2,0,0.3333333333333333,0.41774534307639,8.841940421574838,27.999051944164073,19.069327789134885,10.899832390520913,AI105077,False,39.978022863601,-75.17344342150166,19121,40.14944804086134,-75.179807122888
"Philadelphia, PA",3,19026,philadelphia_pa_r02,2,Overlap Region 1,Overlap Region 1,OVERLAP,3,3,1,2,0,0.3333333333333333,0.36759855906334366,3.239858734700173,20.349216011105266,11.502840787855886,10.724313460493455,AI102342,False,39.978022863601,-75.17344342150166,19121,39.95217730056533,-75.30413501307167
"Philadelphia, PA",3,19032,philadelphia_pa_r02,2,Overlap Region 1,Overlap Region 1,OVERLAP,1,1,1,0,0,1.0,0.8360661238721008,4.0,21.422236298006073,13.720540430291125,11.712316937012641,AI103245,False,39.978022863601,-75.17344342150166,19121,39.888034004962,-75.28354390632
"Philadelphia, PA",3,19034,philadelphia_pa_r02,2,Overlap Region 1,Overlap Region 1,OVERLAP,2,2,1,1,0,0.5,0.47166453282207094,2.211462351697717,27.971870515365964,19.09637920688323,11.499076758531459,AI105077,False,39.978022863601,-75.17344342150166,19121,40.1485967016515,-75.199522814624
"Philadelphia, PA",3,19035,philadelphia_pa_r02,2,Overlap Region 1,Overlap Region 1,OVERLAP,1,1,1,0,0,1.0,0.8360344925488042,4.0,21.74125232832328,11.190456510618976,12.461248888291188,AI105077,False,39.978022863601,-75.17344342150166,19121,40.037089876173,-75.27982072726
"Philadelphia, PA",3,19036,philadelphia_pa_r02,2,Overlap Region 1,Overlap Region 1,OVERLAP,2,2,1,1,0,0.5,0.4715409887784032,2.1203141724841537,20.86459601291308,13.00474584616434,11.175967501948357,AI102342,False,39.978022863601,-75.17344342150166,19121,39.9072271592015,-75.2948656045335
"Philadelphia, PA",3,19038,philadelphia_pa_r02,2,Overlap Region 1,Overlap Region 1,OVERLAP,5,5,3,2,0,0.6,0.5556297990744922,2.8783381579047713,23.882578967608104,13.722933768355764,5.411706476979712,AI105077,False,39.978022863601,-75.17344342150166,19121,40.1012007824364,-75.1634957069656
"Philadelphia, PA",3,19041,philadelphia_pa_r02,2,Overlap Region 1,Overlap Region 1,OVERLAP,2,2,1,1,0,0.5,0.48063141291421446,3.128509902927945,21.579665498030906,12.728266029049527,13.054891118713956,AI102342,False,39.978022863601,-75.17344342150166,19121,40.007808669398,-75.31770818924201
"Philadelphia, PA",3,19044,philadelphia_pa_r02,2,Overlap Region 1,Overlap Region 1,OVERLAP,5,5,3,2,0,0.6,0.5654160932506447,4.042842214568581,31.904358702014765,23.599739273727167,14.554807454703532,AI105077,False,39.978022863601,-75.17344342150166,19121,40.1882657898662,-75.13550505687759
"Philadelphia, PA",3,19047,philadelphia_pa_r02,2,Overlap Region 1,Overlap Region 1,OVERLAP,8,8,5,3,0,0.625,0.5782964314615747,2.797840837383047,40.03846018626889,32.021604252583145,15.763676151785806,AI102272,False,39.978022863601,-75.17344342150166,19121,40.1934271972575,-74.92362326635462
"Philadelphia, PA",3,19050,philadelphia_pa_r02,2,Overlap Region 1,Overlap Region 1,OVERLAP,5,5,4,1,0,0.8,0.7112349798415444,4.551809426903423,19.86256785150092,9.029300907172562,8.432270819431865,AI103245,False,39.978022863601,-75.17344342150166,19121,39.9408742876396,-75.267646626569
"Philadelphia, PA",3,19056,philadelphia_pa_r02,2,Overlap Region 1,Overlap Region 1,OVERLAP,3,3,1,2,0,0.3333333333333333,0.3502907721748358,1.5497896514307412,40.01966464138488,31.852544319316312,14.482935819525027,AI102272,False,39.978022863601,-75.17344342150166,19121,40.157681627813,-74.881897923395
"Philadelphia, PA",3,19060,philadelphia_pa_r02,2,Overlap Region 1,Overlap Region 1,OVERLAP,5,5,4,1,0,0.8,0.6912260021503763,2.4360407590369166,27.7625106767842,30.48934274611892,10.089914462103781,AI102342,False,39.978022863601,-75.17344342150166,19121,39.8466233646214,-75.48720293328479
"Philadelphia, PA",3,19061,philadelphia_pa_r02,2,Overlap Region 1,Overlap Region 1,OVERLAP,3,3,3,0,0,1.0,0.8322402222370859,3.0867634708283447,26.741871547595412,28.534097494009053,9.705442530732677,AI102342,False,39.978022863601,-75.17344342150166,19121,39.83938010877767,-75.45495224936433
"Philadelphia, PA",3,19063,philadelphia_pa_r02,2,Overlap Region 1,Overlap Region 1,OVERLAP,6,6,5,1,1,0.8333333333333334,0.7179790826968663,2.486379823622578,23.099770675324994,22.57289659239713,2.2305734631336525,AI102342,False,39.978022863601,-75.17344342150166,19121,39.90363729178167,-75.41979971771984
"Philadelphia, PA",3,19066,philadelphia_pa_r02,2,Overlap Region 1,Overlap Region 1,OVERLAP,1,1,0,1,0,0.0,0.1362167082803147,4.0,19.90352525054763,6.933805803524685,9.092099254641658,AI103245,False,39.978022863601,-75.17344342150166,19121,39.999393924113,-75.249902352377
"Philadelphia, PA",3,19072,philadelphia_pa_r02,2,Overlap Region 1,Overlap Region 1,OVERLAP,2,2,1,1,0,0.5,0.4619992240026822,1.0673352125167244,20.597341215721734,8.514420013625383,11.115586829521838,AI103245,False,39.978022863601,-75.17344342150166,19121,40.01965209362049,-75.257336792947
"Philadelphia, PA",3,19073,philadelphia_pa_r02,2,Overlap Region 1,Overlap Region 1,OVERLAP,2,2,1,1,0,0.5,0.465744720029125,1.5146358223192748,23.815187304306903,21.232417926064823,5.4465467756669215,AI102342,False,39.978022863601,-75.17344342150166,19121,39.972376560738496,-75.4225082693665
"Philadelphia, PA",3,19082,philadelphia_pa_r02,2,Overlap Region 1,Overlap Region 1,OVERLAP,5,5,2,3,0,0.4,0.4934447249901568,11.39746154559741,19.819014795089032,8.627842402412515,8.952519966741866,AI103245,False,39.978022863601,-75.17344342150166,19121,39.9609407311504,-75.27220328900981
"Philadelphia, PA",3,19083,philadelphia_pa_r02,2,Overlap Region 1,Overlap Region 1,OVERLAP,9,9,0,9,1,0.0,0.17849149014586047,6.460432975952256,20.738682125100716,11.74568664858265,11.511529354909596,AI102342,False,39.978022863601,-75.17344342150166,19121,39.98018142595044,-75.31126440730266
"Philadelphia, PA",3,19096,philadelphia_pa_r02,2,Overlap Region 1,Overlap Region 1,OVERLAP,1,1,1,0,0,1.0,0.8362055828634144,4.0,20.01573005152571,7.864174505336926,9.621614298285817,AI103245,False,39.978022863601,-75.17344342150166,19121,39.993371272858,-75.263548042777
"Philadelphia, PA",3,19103,philadelphia_pa_r02,2,Overlap Region 1,Overlap Region 1,OVERLAP,5,5,4,1,0,0.8,0.6756659297499846,0.636457083557498,19.770017100084736,3.377143308699422,5.339435690534549,AI103245,False,39.978022863601,-75.17344342150166,19121,39.9866775856196,-75.1354501021748
"Philadelphia, PA",3,19114,philadelphia_pa_r02,2,Overlap Region 1,Overlap Region 1,OVERLAP,2,2,1,1,0,0.5,0.46869715733479456,1.867439994485152,26.371262575634994,17.868433810751377,0.3159802602920251,AI102272,False,39.978022863601,-75.17344342150166,19121,40.065750667266,-74.9976336574945
"Philadelphia, PA",3,19119,philadelphia_pa_r02,2,Overlap Region 1,Overlap Region 1,OVERLAP,2,2,2,0,0,1.0,0.8291472245901185,2.9541530469741164,20.569440595171592,7.566201118618577,5.418160116874522,AI105077,False,39.978022863601,-75.17344342150166,19121,40.043647870605994,-75.1969226113945
"Philadelphia, PA",3,19121,philadelphia_pa_r02,2,Overlap Region 1,Overlap Region 1,OVERLAP,3,3,2,1,0,0.6666666666666666,0.6009120415564783,3.2235292604291383,19.052906561492453,0.0,3.568981859554878,AI103245,False,39.978022863601,-75.17344342150166,19121,39.978022863601,-75.17344342150166
"Philadelphia, PA",3,19124,philadelphia_pa_r02,2,Overlap Region 1,Overlap Region 1,OVERLAP,5,5,2,3,0,0.4,0.4202843857979482,3.3610461161341343,21.176744227030678,8.177989609547401,5.338371665434725,AI105077,False,39.978022863601,-75.17344342150166,19121,40.0207485347828,-75.09529851648202
"Philadelphia, PA",3,19125,philadelphia_pa_r02,2,Overlap Region 1,Overlap Region 1,OVERLAP,6,6,5,1,1,0.8333333333333334,0.7252283075350965,3.2540979029246033,20.345592719779354,4.891449470348092,6.067129875095016,AI103245,False,39.978022863601,-75.17344342150166,19121,39.9828908784275,-75.116387838414
"Philadelphia, PA",3,19141,philadelphia_pa_r02,2,Overlap Region 1,Overlap Region 1,OVERLAP,2,2,2,0,0,1.0,0.8340068220028622,3.4871025250082943,20.400363598055606,8.027910796319297,1.3709631420243553,AI105077,False,39.978022863601,-75.17344342150166,19121,40.046401907763496,-75.143197022041
"Philadelphia, PA",3,19144,philadelphia_pa_r02,2,Overlap Region 1,Overlap Region 1,OVERLAP,4,4,2,2,1,0.5,0.485475405929048,3.0952619781923527,20.106060869277467,6.556831076200158,3.4534927702574474,AI105077,False,39.978022863601,-75.17344342150166,19121,40.036724727378,-75.16615236878975
"Philadelphia, PA",3,19149,philadelphia_pa_r02,2,Overlap Region 1,Overlap Region 1,OVERLAP,4,4,1,3,0,0.25,0.3264871347468828,4.883062153447705,22.463499221113693,11.149874081543729,5.934155179925644,AI105077,False,39.978022863601,-75.17344342150166,19121,40.0395908181125,-75.07011238996824
"Philadelphia, PA",3,19151,philadelphia_pa_r02,2,Overlap Region 1,Overlap Region 1,OVERLAP,4,4,2,2,0,0.5,0.5536258826668793,10.58837190375256,19.48382093344901,6.154564123003737,7.3590247726432905,AI103245,False,39.978022863601,-75.17344342150166,19121,39.976540588899255,-75.245646804437
"Philadelphia, PA",3,19153,philadelphia_pa_r02,2,Overlap Region 1,Overlap Region 1,OVERLAP,2,2,1,1,0,0.5,0.48409899531883815,3.498033794883232,20.472550326251245,9.835669400296634,7.636003990740729,AI103245,False,39.978022863601,-75.17344342150166,19121,39.90743265088,-75.242966715636
"Philadelphia, PA",3,19342,philadelphia_pa_r02,2,Overlap Region 1,Overlap Region 1,OVERLAP,8,8,5,3,0,0.625,0.5792498579583141,2.7601480376309935,26.968372727068687,28.950433893535088,6.85739463796637,AI102342,False,39.978022863601,-75.17344342150166,19121,39.89387930822363,-75.49477561695124
"Philadelphia, PA",3,19422,philadelphia_pa_r02,2,Overlap Region 1,Overlap Region 1,OVERLAP,4,4,1,3,0,0.25,0.29888980298896334,1.9265069678859816,29.841535580255965,22.09279436566074,16.851699706713003,AI105077,False,39.978022863601,-75.17344342150166,19121,40.1576401545695,-75.2844240780555
"Philadelphia, PA",3,19444,philadelphia_pa_r02,2,Overlap Region 1,Overlap Region 1,OVERLAP,4,4,2,2,1,0.5,0.4862586952407359,3.2258148149652888,24.17074785947104,14.513262344147355,11.554528289776787,AI105077,False,39.978022863601,-75.17344342150166,19121,40.08778040801626,-75.26569202886625
"Philadelphia, PA",3,19462,philadelphia_pa_r02,2,Overlap Region 1,Overlap Region 1,OVERLAP,1,1,0,1,0,0.0,0.13536239081170032,4.0,28.519698684505887,20.74289215779095,16.639001761153626,AI105077,False,39.978022863601,-75.17344342150166,19121,40.136608444812,-75.301785082196
"Philadelphia, PA",3,19703,philadelphia_pa_r02,2,Overlap Region 1,Overlap Region 1,OVERLAP,3,3,1,2,0,0.3333333333333333,0.35804464824187926,2.2776793123131536,28.525779653870302,31.239911382304943,11.29255608590757,AI103874,False,39.978022863601,-75.17344342150166,19121,39.804990285545664,-75.46192336687368
"Philadelphia, PA",3,19707,philadelphia_pa_r02,2,Overlap Region 1,Overlap Region 1,OVERLAP,3,3,1,2,1,0.3333333333333333,0.357536283028305,2.3691039753431364,42.031479741318236,49.394942594348265,10.237005295797678,AI103874,False,39.978022863601,-75.17344342150166,19121,39.766424070578005,-75.68236581868332
"Philadelphia, PA",3,19711,philadelphia_pa_r02,2,Overlap Region 1,Overlap Region 1,OVERLAP,7,7,4,3,0,0.5714285714285714,0.5345130732767548,2.4778849834283485,48.87297615239678,56.61876999941965,14.970961102344287,AI103874,False,39.978022863601,-75.17344342150166,19121,39.707831209875856,-75.73554824076942
"Philadelphia, PA",3,19713,philadelphia_pa_r02,2,Overlap Region 1,Overlap Region 1,OVERLAP,3,3,1,2,0,0.3333333333333333,0.3555106983092551,2.221835478741917,48.96399106617431,56.66370964055296,14.150019186240907,AI103874,False,39.978022863601,-75.17344342150166,19121,39.67052127631433,-75.70254352168867
"Philadelphia, PA",3,19809,philadelphia_pa_r02,2,Overlap Region 1,Overlap Region 1,OVERLAP,3,3,3,0,0,1.0,0.8287798575788627,2.7456948899113756,30.383978410934088,34.41412147195292,8.15704802648203,AI103874,False,39.978022863601,-75.17344342150166,19121,39.782902316417335,-75.48650434777066
"Philadelphia, PA",3,19810,philadelphia_pa_r02,2,Overlap Region 1,Overlap Region 1,OVERLAP,2,2,1,1,1,0.5,0.4605241135595374,1.011009847635057,30.312553301806684,34.70937764625884,8.952720196902995,AI103874,False,39.978022863601,-75.17344342150166,19121,39.815367661028,-75.52070667228051
"Philadelphia, PA",3,08003,philadelphia_pa_r03,3,DMS2 Region 1,DMS2 Region 1,DMS2_EXCLUSIVE,3,3,1,2,0,0.3333333333333333,0.38514069267811746,5.284924501866872,30.84893341349665,20.17700918455194,18.062211948324272,AI103245,False,39.978022863601,-75.17344342150166,19121,39.87532975444,-74.97836269996334
"Philadelphia, PA",3,08009,philadelphia_pa_r03,3,DMS2 Region 1,DMS2 Region 1,DMS2_EXCLUSIVE,7,7,2,5,0,0.2857142857142857,0.21499999999999997,0.004319553318492284,1027.5259171097277,1019.5687120651587,1003.1895175865668,AI102272,False,39.978022863601,-75.17344342150166,19121,41.336010041700426,-63.209972819357574
"Philadelphia, PA",3,08012,philadelphia_pa_r03,3,DMS2 Region 1,DMS2 Region 1,DMS2_EXCLUSIVE,6,6,3,3,0,0.5,0.47435843938928807,1.462768088995941,33.04303060255968,24.38777464214169,21.09526423288429,AI103245,False,39.978022863601,-75.17344342150166,19121,39.782801766561995,-75.04318361697717
"Philadelphia, PA",3,08020,philadelphia_pa_r03,3,DMS2 Region 1,DMS2 Region 1,DMS2_EXCLUSIVE,1,1,1,0,0,1.0,0.8355642772442478,4.0,26.483583796660668,20.28794414415742,16.99557452450451,AI103245,False,39.978022863601,-75.17344342150166,19121,39.801399461515,-75.233075839013
"Philadelphia, PA",3,08021,philadelphia_pa_r03,3,DMS2 Region 1,DMS2 Region 1,DMS2_EXCLUSIVE,4,4,3,1,0,0.75,0.6588995069833158,3.078135473977483,34.43014812585244,25.362613416242795,22.357172064721105,AI103245,False,39.978022863601,-75.17344342150166,19121,39.794597757814245,-74.99675533576476
"Philadelphia, PA",3,08028,philadelphia_pa_r03,3,DMS2 Region 1,DMS2 Region 1,DMS2_EXCLUSIVE,4,4,1,3,0,0.25,0.29843743907743,1.9422429929964844,35.84595519088232,30.230139116690555,26.662681618232163,AI103245,False,39.978022863601,-75.17344342150166,19121,39.70860174559075,-75.1260652656765
"Philadelphia, PA",3,08043,philadelphia_pa_r03,3,DMS2 Region 1,DMS2 Region 1,DMS2_EXCLUSIVE,9,9,4,5,1,0.4444444444444444,0.4675915085299672,4.1967443965973015,35.274735139924005,25.478149969123503,23.25206991218467,AI103245,False,39.978022863601,-75.17344342150166,19121,39.844169821878666,-74.93099488247834
"Philadelphia, PA",3,08051,philadelphia_pa_r03,3,DMS2 Region 1,DMS2 Region 1,DMS2_EXCLUSIVE,2,2,1,1,0,0.5,0.4869844926693251,3.902696778472305,28.456343743612535,21.7588624149356,18.2519953309704,AI103245,False,39.978022863601,-75.17344342150166,19121,39.7827393882545,-75.18970711423151
"Philadelphia, PA",3,08056,philadelphia_pa_r03,3,DMS2 Region 1,DMS2 Region 1,DMS2_EXCLUSIVE,5,5,5,0,0,1.0,0.8434836085196306,3.79381129056061,28.571901285658896,24.120136310770558,20.87415336037787,AI103245,False,39.978022863601,-75.17344342150166,19121,39.7701243830992,-75.2540968352974
"Philadelphia, PA",3,08062,philadelphia_pa_r03,3,DMS2 Region 1,DMS2 Region 1,DMS2_EXCLUSIVE,4,4,4,0,0,1.0,0.825545496577397,2.1408316340282267,32.784901685553066,28.87998146124487,25.44327683710351,AI103245,False,39.978022863601,-75.17344342150166,19121,39.721162032161004,-75.2235336911235
"Philadelphia, PA",3,08071,philadelphia_pa_r03,3,DMS2 Region 1,DMS2 Region 1,DMS2_EXCLUSIVE,1,1,0,1,0,0.0,0.13489379514618938,4.0,33.245695369311875,26.947387129907806,23.378969909915,AI103245,False,39.978022863601,-75.17344342150166,19121,39.737521562165,-75.13459281936
"Philadelphia, PA",3,08080,philadelphia_pa_r03,3,DMS2 Region 1,DMS2 Region 1,DMS2_EXCLUSIVE,7,7,4,3,0,0.5714285714285714,0.5478476757824123,3.769626727136406,32.76917372743752,25.156697072855376,21.65094957517163,AI103245,False,39.978022863601,-75.17344342150166,19121,39.760675464884436,-75.09161496375573
"Philadelphia, PA",3,08081,philadelphia_pa_r03,3,DMS2 Region 1,DMS2 Region 1,DMS2_EXCLUSIVE,21,21,13,8,2,0.6190476190476191,0.6340339361239303,5.794954268403574,38.32549191921683,30.499391715152523,27.29370023290898,AI103245,False,39.978022863601,-75.17344342150166,19121,39.74201825482709,-74.99136051988556
"Philadelphia, PA",3,08084,philadelphia_pa_r03,3,DMS2 Region 1,DMS2 Region 1,DMS2_EXCLUSIVE,1,1,1,0,0,1.0,0.8349630590402224,4.0,32.54713804650778,22.735944378041545,19.95387045655654,AI103245,False,39.978022863601,-75.17344342150166,19121,39.825950040547,-74.995275659675
"Philadelphia, PA",3,08085,philadelphia_pa_r03,3,DMS2 Region 1,DMS2 Region 1,DMS2_EXCLUSIVE,4,4,4,0,1,1.0,0.8171175138789215,1.2036629859457295,31.89808852462604,30.985118951124626,20.717698646658697,AI103874,False,39.978022863601,-75.17344342150166,19121,39.724968245957996,-75.325417641152
"Philadelphia, PA",3,08091,philadelphia_pa_r03,3,DMS2 Region 1,DMS2 Region 1,DMS2_EXCLUSIVE,1,1,0,1,0,0.0,0.13453563252200623,4.0,36.85792548387169,27.577820999098787,25.022712361507498,AI103245,False,39.978022863601,-75.17344342150166,19121,39.811056326587,-74.934410686117
"Philadelphia, PA",3,08094,philadelphia_pa_r03,3,DMS2 Region 1,DMS2 Region 1,DMS2_EXCLUSIVE,7,7,4,3,0,0.5714285714285714,0.5579314382579684,4.993650807694776,43.2455630430288,36.735193838609014,33.39951885023239,AI103245,False,39.978022863601,-75.17344342150166,19121,39.680813330023575,-74.98560237220799
"Philadelphia, PA",3,18936,philadelphia_pa_r03,3,DMS2 Region 1,DMS2 Region 1,DMS2_EXCLUSIVE,1,1,1,0,0,1.0,0.8343650146841574,4.0,38.57868262139902,31.715403895579563,24.192836058389783,AI105077,False,39.978022863601,-75.17344342150166,19121,40.257619432835,-75.247161334478
"Philadelphia, PA",3,18974,philadelphia_pa_r03,3,DMS2 Region 1,DMS2 Region 1,DMS2_EXCLUSIVE,10,10,7,3,0,0.7,0.6498259499145402,4.287421303199684,35.05704200444397,27.054980897224105,17.758708797839496,AI105077,False,39.978022863601,-75.17344342150166,19121,40.2145752102989,-75.0989963062347
"Philadelphia, PA",3,19040,philadelphia_pa_r03,3,DMS2 Region 1,DMS2 Region 1,DMS2_EXCLUSIVE,2,2,2,0,0,1.0,0.8303686346903251,3.2123557027505356,31.91394642260685,23.566572910497456,14.262930560597416,AI105077,False,39.978022863601,-75.17344342150166,19121,40.183622582130496,-75.10620313081401
"Philadelphia, PA",3,19085,philadelphia_pa_r03,3,DMS2 Region 1,DMS2 Region 1,DMS2_EXCLUSIVE,2,2,2,0,0,1.0,0.8095505682294297,0.8329308104313387,23.81114645907901,16.394352996223013,14.767357305445742,AI102342,False,39.978022863601,-75.17344342150166,19121,40.042216259845006,-75.3467351168585
"Philadelphia, PA",3,19087,philadelphia_pa_r03,3,DMS2 Region 1,DMS2 Region 1,DMS2_EXCLUSIVE,7,7,3,4,0,0.42857142857142855,0.43765878469768127,2.59162538193087,27.570805230735886,22.831629084201328,15.732810276139386,AI102342,False,39.978022863601,-75.17344342150166,19121,40.06477589996671,-75.41645919917801
"Philadelphia, PA",3,19312,philadelphia_pa_r03,3,DMS2 Region 1,DMS2 Region 1,DMS2_EXCLUSIVE,5,5,4,1,0,0.8,0.7005082825022503,3.4508777176029404,27.151259586129914,24.02248311812436,11.95820196145578,AI102342,False,39.978022863601,-75.17344342150166,19121,40.0294791522388,-75.4473613506434
"Philadelphia, PA",3,19317,philadelphia_pa_r03,3,DMS2 Region 1,DMS2 Region 1,DMS2_EXCLUSIVE,4,4,2,2,0,0.5,0.46971639298033335,1.53302922822286,35.87198809179374,41.24213259529226,13.498267628204095,AI103874,False,39.978022863601,-75.17344342150166,19121,39.8543700223715,-75.6293596977735
"Philadelphia, PA",3,19401,philadelphia_pa_r03,3,DMS2 Region 1,DMS2 Region 1,DMS2_EXCLUSIVE,3,3,1,2,0,0.3333333333333333,0.3665689998158158,3.212308930623115,28.20798035589778,21.074891790448447,18.589112419386765,AI105077,False,39.978022863601,-75.17344342150166,19121,40.118955612218,-75.33899231517366
"Philadelphia, PA",3,19403,philadelphia_pa_r03,3,DMS2 Region 1,DMS2 Region 1,DMS2_EXCLUSIVE,13,13,7,6,0,0.5384615384615384,0.5491636325915769,4.794981594251829,32.00639023721878,26.52599684889575,24.20068062358774,AI105077,False,39.978022863601,-75.17344342150166,19121,40.14464916170208,-75.396496549166
"Philadelphia, PA",3,19405,philadelphia_pa_r03,3,DMS2 Region 1,DMS2 Region 1,DMS2_EXCLUSIVE,1,1,1,0,0,1.0,0.8354940966177506,4.0,27.19138677601892,20.09754768741643,18.576596978881643,AI105077,False,39.978022863601,-75.17344342150166,19121,40.100817724674,-75.346670598579
"Philadelphia, PA",3,19406,philadelphia_pa_r03,3,DMS2 Region 1,DMS2 Region 1,DMS2_EXCLUSIVE,4,4,2,2,1,0.5,0.475725695177624,2.114557451217901,28.55962180164716,22.66975374091581,20.048697599342702,AI102342,False,39.978022863601,-75.17344342150166,19121,40.1012699035205,-75.3855685656045
"Philadelphia, PA",3,19454,philadelphia_pa_r03,3,DMS2 Region 1,DMS2 Region 1,DMS2_EXCLUSIVE,10,10,4,6,0,0.4,0.4589613103315517,6.393314255911375,35.06286023957931,27.753915629245476,20.424829724643278,AI105077,False,39.978022863601,-75.17344342150166,19121,40.2219641910861,-75.242510613691
"Philadelphia, PA",3,19701,philadelphia_pa_r03,3,DMS2 Region 1,DMS2 Region 1,DMS2_EXCLUSIVE,8,8,6,2,0,0.75,0.660264138317889,2.3625377168514445,55.94077092318496,63.232463464134945,21.40609309946988,AI103874,False,39.978022863601,-75.17344342150166,19121,39.583097684761995,-75.70585942905689
"Philadelphia, PA",3,19702,philadelphia_pa_r03,3,DMS2 Region 1,DMS2 Region 1,DMS2_EXCLUSIVE,13,13,9,4,0,0.6923076923076923,0.6402979785827098,3.2013655685184372,52.95395354464605,60.565917142935035,18.08146023196958,AI103874,False,39.978022863601,-75.17344342150166,19121,39.631954752734,-75.72095707341371
"Philadelphia, PA",3,19709,philadelphia_pa_r03,3,DMS2 Region 1,DMS2 Region 1,DMS2_EXCLUSIVE,17,17,16,1,1,0.9411764705882353,0.8399976334107082,5.024349437936328,63.78243912493299,70.17350716352081,31.083149293206912,AI103874,False,39.978022863601,-75.17344342150166,19121,39.47467497622882,-75.66839882590519
"Philadelphia, PA",3,19720,philadelphia_pa_r03,3,DMS2 Region 1,DMS2 Region 1,DMS2_EXCLUSIVE,5,5,4,1,0,0.8,0.6747130601655745,0.8478103423865088,48.74959396490692,55.76431726949555,14.690740617770725,AI103874,False,39.978022863601,-75.17344342150166,19121,39.620635627661,-75.63137009567279
"Philadelphia, PA",3,21901,philadelphia_pa_r03,3,DMS2 Region 1,DMS2 Region 1,DMS2_EXCLUSIVE,2,2,0,2,0,0.0,0.0999477666274514,0.272552562713419,69.30384872145797,77.18190304954298,35.46259633788439,AI103874,False,39.978022863601,-75.17344342150166,19121,39.625897241958,-75.952043399817
"Philadelphia, PA",3,21921,philadelphia_pa_r03,3,DMS2 Region 1,DMS2 Region 1,DMS2_EXCLUSIVE,6,6,6,0,1,1.0,0.8249383731265427,1.811981617218801,59.19780011921235,66.99245812268056,24.56109773776099,AI103874,False,39.978022863601,-75.17344342150166,19121,39.6272392226885,-75.811030662127
